channelId,title,viewCount,subscriberCount,videoCount,views_per_video,subs_per_video,engagement,log_viewCount,log_subscriberCount,log_videoCount,log_views_per_video,log_subs_per_video,log_engagement,viewCount_scaled,subscriberCount_scaled,videoCount_scaled,views_per_video_scaled,subscribers_per_video_scaled,engagement_scaled,advanced_engagement,cluster,popularity_level
UCCpSTBr5nxLCyMEsyTSxNEA,Tricky Maths Education Adda,159231851,2190000,3407,46736.67478720282,642.7942471382448,72.70860776255708,18.885871886739032,14.599412558413583,8.133880887949207,10.75230585904201,6.467379183034545,4.300119586982619,0.4255155231534314,0.9093255305632307,1.4868610300430956,-0.3236140380311733,0.06513485768533361,-0.9994110076080507,0.08542701619994009,1,Medium Popularity
UCyq_P9rDhHwLBE5CLqd2rMA,PARTH EDUCATION,85296668,1020000,13145,6488.9058957778625,77.59604412324077,83.6241843137255,18.261645961289105,13.83531416565213,9.483872808823522,8.778003309712867,4.364321368947748,4.4382200923526085,0.17842212932186027,0.5435246072344413,2.625682361649633,-1.247470015533605,-1.0446112722404912,-0.8329984276127527,-0.22368906982626846,2,Low Popularity
UC7FWT474H8a7-pLf1Tutdeg,Quality Education,69607880,705000,2683,25944.04770778979,262.7655609392471,98.73458156028369,18.058388351652923,13.465954500233115,7.895063498091573,10.163736030604921,5.575060681871705,4.602512472998448,0.09796470110643182,0.3666990728128949,1.2854003148172382,-0.5990296547328535,-0.40572571338111907,-0.6350243589183946,-0.13318182958951152,1,Medium Popularity
UCKS34cSMNaXaySe2xgXH-3A,Education 4u,243861643,940000,3682,66230.75583921782,255.29603476371537,259.42727978723406,19.3121115896467,13.753636218075409,8.211482916445066,11.100915322364477,5.546333162176276,5.562323665935043,0.5942381129774659,0.5044224851488461,1.5523242702747755,-0.1604855769886593,-0.42088471357161705,0.5215583523252791,0.440699317920631,1,Medium Popularity
UCy6sHUcnuoUUAK4Rfl20aYA,circle of education,590887,6680,269,2196.6059479553905,24.83271375464684,88.4561377245509,13.289381769122818,8.807022955925477,5.598421958998375,7.695123841346108,3.2516416637124883,4.49374842386179,-1.7897973632985515,-1.863696222842978,-0.65199229867271,-1.7541930960995618,-1.6317525236416164,-0.7660861966652964,-1.6260240635889298,2,Low Popularity
UCds2QbEcFXCaJ9Q16-rloyg,MH EDUCATION LAB,10836631,193000,2025,5351.422716049383,95.30864197530865,56.14834715025907,16.198442804591174,12.170450649220749,7.613818684808629,8.585304581508478,4.5675580549158745,4.045650468567283,-0.6382755587548531,-0.2535044367948975,1.0481488262580458,-1.3376415406472375,-0.9373668949336247,-1.3060490058628176,-0.8533415826045501,2,Low Popularity
UC-TM-z1-tmX1iK_H4SxVhww,Malmesbury Education,8348243,50800,72,115947.81944444444,705.5555555555555,164.33549212598425,15.93756177530982,10.835671318412196,4.290459441148391,11.660904161040163,6.560401833931189,5.1079766951851875,-0.7415426232634931,-0.8925105075777029,-1.7553586175649514,0.10155583916661512,0.11422125280795993,-0.02593458705944853,-0.4858657666978178,1,Medium Popularity
UC3mRefGx5AMqrMZUDKNahrA,Education Empowerment,719759,5020,283,2543.3180212014136,17.738515901060072,143.37828685258964,13.486673102091,8.521384396034705,5.648974238161206,7.841617924981011,2.9305810794938925,4.972436847095458,-1.7117016241612748,-2.0004415032102547,-0.6093475887438713,-1.6856425920844431,-1.8011704723169952,-0.18926154775632273,-1.4807009564011215,2,Low Popularity
UC_f7C43GUWhif5_yPsamdfA,Crimson Education,30533784,229000,1549,19711.93285990962,147.83731439638476,133.33530131004366,17.23434433344326,12.34148164933907,7.346010209913293,9.889030189681296,5.002853859754661,4.900338923121961,-0.22822462366291166,-0.1716258484431747,0.8222319157343887,-0.727575623170345,-0.7076690561214513,-0.27614031411992374,-0.32500547465185053,2,Low Popularity
UC12JuiJvbK7D00jF8X4qJyw,StudyTube Education,34921351,396000,803,43488.606475716064,493.1506849315069,88.1852297979798,17.368609005253774,12.889172015485954,6.6895992691789665,10.68027725693534,6.202840500901384,4.490715440650775,-0.17507733823828067,0.0905728991693727,0.26849913404186665,-0.3573191328404782,-0.07445749053569237,-0.7697409737414208,-0.2915739811541761,1,Medium Popularity
UCnP3W7Wh4gUv-bl9NX7a6_Q,Education Point Online,26250530,190000,2104,12476.487642585551,90.30418250950571,138.1606842105263,17.08319677536874,12.154784614286667,7.652070746116482,9.431681310967441,4.5141965971705496,4.935629266990009,-0.2880548254717653,-0.26100432175484045,1.080417362626094,-0.9415876526576193,-0.9655247852319419,-0.23361507385183544,-0.3977499173088024,2,Low Popularity
UCbaZa-dV7h9QOLzrzrY363w,Free Animated Education,13929237,144000,248,56166.278225806454,580.6451612903226,96.7308125,16.449500642177938,11.87757552297847,5.517452896464707,10.936089628340456,6.365860573291222,4.582216888037663,-0.5388969033543815,-0.3937141173993537,-0.720295889374057,-0.2376141825926083,0.011565296485694097,-0.6594807549814611,-0.4988590458585267,1,Medium Popularity
UCjeP0i4rKFarfywgtOVw6QA,Shrivastav Job Education,44708,528000,5,8941.6,105600.0,0.08467424242424243,10.707930102616903,13.176853456625999,1.791759469228055,9.098581653625862,11.567423119906431,0.08127970451514059,-2.8116383783594965,0.22829617903817181,-3.8632029574515316,-1.0974584484703467,2.7563371553515332,-6.083158004387983,-2.4719639852997712,1,Medium Popularity
UCFEhLEay1zs7TAU1qsOUtdg,Krishint Education Point,4396127,57200,480,9158.597916666668,119.16666666666667,76.85536713286713,15.296234711461182,10.954326659732555,6.175867270105761,9.12255756114433,4.788879668056894,4.354852837880075,-0.9954053263355852,-0.835705999383389,-0.16487305895209792,-1.0862391520740022,-0.82057942384889,-0.933456857266796,-0.9959942815724188,2,Low Popularity
UCoqtKR3DyzMoSaMxqSyrdig,Brain Education TV,26856834,412000,653,41128.38284839204,630.9341500765697,65.18649029126213,17.106030908907254,12.928781055513184,6.483107351457199,10.62447805621017,6.4487851958015785,4.192476367966881,-0.27901616923978045,0.10953514742350705,0.09430742439549133,-0.38342983464113334,0.05532314198571794,-1.1291222331203412,-0.41595982110216084,1,Medium Popularity
UCTldDNXS4GeChcmwm55mXYQ,Nail Career Education,371911223,2860000,1001,371539.68331668334,2857.1428571428573,130.03888916083915,19.73416573859584,14.866332532446323,6.90975328164481,12.825413648090723,7.957927342245103,4.875494142969005,0.7613038944401167,1.037109561888311,0.45421586445940815,0.6464769055125582,0.8516705582600921,-0.3060785388468534,0.5821202344313743,0,High Popularity
UC4CicGqNhLjKV8H9wb6MaSg,Indian Teacher Education Community,109845,3200,244,450.1844262295082,13.114754098360656,34.3265625,11.606834663858924,8.071218539969863,5.501258210544727,6.1118761832528365,2.6472206402544196,3.5646351597225987,-2.4558162798013883,-2.215951818844466,-0.733957344305133,-2.495058680907326,-1.9506947263407168,-1.885677576718679,-2.3610147780434323,2,Low Popularity
UCusVeeBCblQj3zHUiPDX9NA,GAB Education,2287457,31600,481,4755.627858627859,65.6964656964657,72.38787974683544,14.642951715307516,10.360944044643913,6.1779441140506,8.467294263106812,4.200151963458676,4.295758795920748,-1.2540006618877209,-1.1197792424931172,-0.16312108240303172,-1.3928633394031527,-1.1312405418560918,-1.0046658072880534,-1.2345995956984481,2,Low Popularity
UCwWa8EzP8vuI_hvFWOTryEg,ZeeKay Education,19513348,30200,536,36405.5,56.343283582089555,646.1373509933775,16.786609353429416,10.315630315397533,6.285998094508865,10.502502609111424,4.049055723937536,6.4725585609868155,-0.40545589721021,-1.1414725272255872,-0.07196929400479261,-0.4405070774117508,-1.2109713347671471,1.6184010965389581,-0.12605411141215228,2,Low Popularity
UCMa5rJj8DHjXWMDmo8ISGsA,RP TARGET EDUCATION,913335,8670,811,1126.1837237977804,10.690505548705302,105.34429065743944,13.72485910939991,9.06773940337716,6.699500340161678,7.0274775209821545,2.4587770208025463,4.666681855742931,-1.6174181500060973,-1.7388820390830058,0.2768514439086988,-2.0666118001808234,-2.0501330660740154,-0.5576995691893069,-1.537515090783303,2,Low Popularity
UCtBRjzPRXhUeK88fiIzQ0DQ,Immerse Education,712703,2310,194,3673.726804123711,11.907216494845361,308.52943722943724,13.476821465933872,7.745435610274381,5.272999558563747,8.2092340698697,2.557786573156661,5.7350531998132,-1.7156012927165403,-2.3719156287625562,-0.9265109573899737,-1.5136201363583857,-1.9978874897447798,0.7296992805357841,-1.323445888691906,2,Low Popularity
UCJW2DTReF-JELb_gpeVJhFw,MS Board of Education Live Stream,186047,3210,260,715.5653846153846,12.346153846153847,57.95856697819315,12.133759983918548,8.074337694089515,5.564520407322694,6.574469498673964,2.591228241925377,4.076834942602555,-2.2472383269784992,-2.214458569456976,-0.6805908477646357,-2.278592567469092,-1.9802409170991015,-1.2684713824782927,-2.097161088541214,2,Low Popularity
UC0q6WcSP-DVwX4Hgme-I3zw,KeyPoints Education,65200123,756000,506,128853.99802371541,1494.0711462450593,86.24354894179895,17.992971928735564,13.535797977912118,6.2285110035911835,11.766443004802145,7.309929074154023,4.468703620719204,0.07207028485109775,0.40013561562662786,-0.12046404750425091,0.15094173075720912,0.5097334201576993,-0.7962654512253444,-0.03795087042608797,1,Medium Popularity
UCuAEa5va5Pw-B8d2oM-_PGQ,Britannica Education,130024,3750,72,1805.888888888889,52.083333333333336,34.673066666666664,11.775482018641274,8.229777750081887,4.290459441148391,7.499361799431563,3.9718630057841633,3.574395968948836,-2.389058963972425,-2.1400439174397192,-1.7553586175649514,-1.8457980695380491,-1.2517045564861886,-1.873915697630487,-2.1982800000975082,2,Low Popularity
UCB-hXAnF8U_KMAgtAUUC7Aw,Teachings in Education,25962167,273000,424,61231.52594339623,643.8679245283018,95.09951282051281,17.072150959410212,12.51723073716405,6.052089168924417,11.022433796983773,6.469045527654732,4.565384246457807,-0.2924271977837043,-0.08748854464879119,-0.26928934458421794,-0.19721025546871773,0.06601415804549891,-0.6797642673837891,-0.32896664272971315,1,Medium Popularity
UC4ueoq3y3BhY2lPdw6uqeQQ,Ethiopian Education,43760066,277000,1970,22213.231472081217,140.60913705583755,157.9785776173285,17.59423224715544,12.531776395271262,7.58629630715272,10.008488419771869,4.953070706408319,5.0687694611765775,-0.08576670518730514,-0.08052502369854629,1.0249315978536115,-0.6716762880008005,-0.7339387389573447,-0.07317972166899976,-0.19096376784040167,2,Low Popularity
UCUGCX0GG09tlEemvgwwur-g,Khaira Education,1273004,9590,200,6365.02,47.95,132.74285714285713,14.056890805261602,9.16858043772795,5.303304908059076,8.758729749527333,3.8907993689765195,4.895918979810657,-1.4859868280356376,-1.6906058696467152,-0.900946079605579,-1.2564888935121643,-1.2944803929954947,-0.28146639289057335,-1.2649823889795553,2,Low Popularity
UCH6OZDSeHdJbiOxA5VhUwAg,E.C.C Education,13484003,132000,479,28150.319415448852,275.5741127348643,102.15153787878788,16.417014651983923,11.790564777297387,6.173786103901937,10.245349503355714,5.622478823870504,4.636199148555785,-0.5517561474865962,-0.435369238534523,-0.16662868165686118,-0.560839411463821,-0.3807040048864854,-0.5944315560467321,-0.5565167530567812,1,Medium Popularity
UCgC3zAXW6S01XgyNkj1i2Yg,School of Education,94072,1790,97,969.8144329896908,18.45360824742268,52.55418994413408,11.451826355602378,7.490529402060711,4.584967478670572,6.878135340851213,2.9680325668651673,3.9806940374208257,-2.517174719746979,-2.4939482455173354,-1.506918585981189,-2.1364950436857746,-1.7814079898536754,-1.3843221972997979,-2.269053986697546,2,Low Popularity
UCQP034vzXl_T_UXNo8uGQyA,Defence Direct Education,1014703839,2370000,1873,541753.2509343299,1265.3497063534437,428.14507974683545,20.737862623611914,14.678400935052153,7.535830462798367,13.202567766039403,7.143893793906932,6.061795042985689,1.15860695345363,0.9471400599227391,0.98235980228979,0.8229625644228103,0.42211956168402315,1.1234266819604062,1.0810908297096906,0,High Popularity
UCvKnELM6qUcwgsEADqMHk8w,MLT Education Point,34717634,402000,460,75473.11739130435,873.9130434782609,86.3622736318408,17.362758329076954,12.904209855160254,6.133398042996649,11.231545060453062,6.7741245025372185,4.470063537663428,-0.1773932680543933,0.09777204484202479,-0.20069909688673734,-0.09935864159888153,0.22699889628227882,-0.7946267368219365,-0.2501666006428546,1,Medium Popularity
UC0M-AZjyPPnFk9OuafMmYLQ,IMB Education,12229073,103000,704,17370.842329545456,146.3068181818182,118.7288640776699,16.319326789342995,11.542493975902508,6.558197802812269,9.762605917487889,4.992517610121836,4.785229720317756,-0.5904248802834616,-0.5541295043076374,0.15765195741146212,-0.7867346510543748,-0.713123310850514,-0.41484812962377976,-0.5980413884647198,2,Low Popularity
UCUEpR6_K-g-VsDp_M2NJnsw,OU Education,22421272,73200,2822,7945.170800850461,25.93905031892275,306.3015300546448,16.925520753657402,11.200964361058276,7.945555428253489,8.980445431342426,3.293576918650496,5.7278294481498975,-0.3504692522715386,-0.7176318092956666,1.32799411575283,-1.152739162742429,-1.609624036938499,0.7209945828352586,-0.34374146135158756,2,Low Popularity
UCHfYD2Ngu39JMfRFLX10Fdg,AJ's EDUCATION SOLUTIONS,164283,1900,446,368.34753363228697,4.260089686098655,86.46473684210527,12.009351916447068,7.550135342488429,6.102558594613569,5.911738026362867,1.6601480771933568,4.471235704615417,-2.296483977244303,-2.4654127738413116,-0.2267145278908606,-2.5887114154549993,-2.4715553272598743,-0.7932142631590556,-2.1200515265928765,2,Low Popularity
UC-9byhvAtLbYgodBD-n86Zg,Utkal All Education,2367252,57100,329,7195.294832826748,173.5562310030395,41.45800350262697,14.677240769138216,10.9525769086256,5.799092654460526,8.881321565996911,5.162246930439195,3.7485154345060847,-1.2404276936131429,-0.836543667119093,-0.4827112347737412,-1.199123226595113,-0.623560173263201,-1.6640998869413468,-1.2817473868979241,2,Low Popularity
UCfANEYz13Ey2vE_ziHVHBXQ,Athena Education,1320441,64100,741,1781.9716599190283,86.50472334682861,20.599703588143527,14.09347708699816,11.068215243411098,6.60934924316738,7.486036723131676,4.471692773013254,3.072679591824828,-1.4715045257899435,-0.781183506650931,0.20080210558499606,-1.852033411428536,-0.9879532957796121,-2.4784892762673962,-1.6647022064150683,2,Low Popularity
UClKDlWY7NhEFibjq1lx5_-w,Prague Education Center,14309727,101000,629,22749.96343402226,160.57233704292528,141.68046534653465,16.476450143665055,11.522885696764481,6.4457198193855785,10.032362772230645,5.084952949768676,4.960607621955337,-0.5282292211690877,-0.5635166809874056,0.06276818449270019,-0.6605045133224287,-0.6643468294079425,-0.20351589005317913,-0.504029946327821,2,Low Popularity
UCmjsWUTVOUWjP6kxdvsya5A,V V M Education,3616014,21500,839,4309.909415971394,25.62574493444577,168.1866976744186,15.100883148715688,9.975854724662028,6.733401891837359,8.368904162225606,3.2818786023967177,5.131002825135975,-1.0727332274385282,-1.304135118840847,0.3054499930006246,-1.4389040451992607,-1.615797029950066,0.0018121448018983452,-0.9807486943712431,2,Low Popularity
UCi_rG8A7ge31P9Wlisv2XlQ,Vinu Education Point,11717642,167000,1449,8086.709454796412,115.25189786059352,70.16552095808383,16.276606212672952,12.025755079404917,7.27931883541462,8.998100837057585,4.755759370016728,4.265008444921339,-0.607335379904627,-0.3227753232954286,0.7659726457796024,-1.1444774846573136,-0.8380564148882564,-1.0417203077901547,-0.7611576381950289,2,Low Popularity
UCNjLXBxN5nHriPDnRr7zp3A,Maan Education,25909810,464000,492,52662.21544715447,943.089430894309,55.84010775862069,17.070132258030792,13.047641986378483,6.20050917404269,10.871672491709434,6.850220897775171,4.040242199050831,-0.29322627990227185,0.16643807860375875,-0.14408573021267929,-0.2677575649989078,0.26715360793641035,-1.3125660282381626,-0.43007651596958607,1,Medium Popularity
UCRUCjPehBxFQ6lfZDqq_f7g,Institute of Education Sciences,4407900,21100,2186,2016.4226898444647,9.652333028362305,208.90521327014218,15.298909170397522,9.957075711706057,7.690286020676768,7.6095760796301875,2.3657789318604774,5.346656063441177,-0.9943466693521106,-1.3131252964718605,1.1126548665618725,-1.7942243522259655,-2.099206500290931,0.261676594063416,-0.955751294766751,2,Low Popularity
UCdp4_l1vPmpN-gDbUwhaRUQ,Branch Education,98433854,2500000,49,2008854.163265306,51020.4081632653,39.3735416,18.404895357727224,14.731801689838349,3.912023005428146,14.513075547253582,10.840000591535725,3.6981746595281995,0.23512592531480359,0.9727048897827376,-2.0745986655914943,1.4362021348470921,2.37248925051836,-1.7247610570115697,0.17316387549469503,0,High Popularity
UCMyp5DD6JGpaGOiApHYTysQ,Department of Education Schools Manipur,10876420,132000,1239,8778.385794995964,106.53753026634382,82.3971212121212,16.202107793069544,11.790564777297387,7.122866658599083,9.080161729170348,4.677839905396631,4.423613790928673,-0.6368248108692677,-0.435369238534523,0.6339932808820554,-1.1060778757810963,-0.8791731277664482,-0.8505991764125777,-0.7474567007734951,2,Low Popularity
UCeasbjVyx227l2ETO-xAssw,Free Salon Education,143032568,1080000,1407,101657.83084577114,767.590618336887,132.43756296296297,18.77858291753665,13.8924725250259,7.249925536717988,11.52937769030296,6.644558471885141,4.893633675276419,0.38304629135758816,0.5708883353000376,0.7411771525292956,0.04000928631854602,0.15862921090183693,-0.2842202091970273,0.22219007265101254,1,Medium Popularity
UCyDymklPNMrOXKc3BG1dtBQ,Themantic Education,1583686,13900,149,10628.76510067114,93.28859060402685,113.93424460431655,14.275266230820755,9.539716058977092,5.0106352940962555,9.271413373318659,4.546360191906192,4.744360178781846,-1.3995451683241604,-1.5129301223617395,-1.1478352604519737,-1.0165834997982344,-0.9485526294769746,-0.4640963625103611,-1.189435498982271,2,Low Popularity
UCYtp74jGqSdHJdIh9v61MNQ,Stanford Graduate School of Education,247402,7190,263,940.6920152091254,27.338403041825096,34.409179415855355,12.418773864978563,8.880585523102495,5.575949103146316,6.847678273356278,3.3442178827039295,3.566971092058497,-2.1344185220185143,-1.828479220359124,-0.6709498696260745,-2.1507471368474596,-1.582901702679508,-1.8828627533719446,-2.082922936000031,2,Low Popularity
UCmwui2PYSOJ9L6zAD0OEagg,Om Education Unjha,25480,305,80,318.5,3.8125,83.54098360655738,10.145688355383795,5.723585101952381,4.394449154672439,5.766757273817589,1.5712166996139025,4.437236429877648,-3.034195974597567,-3.3398469708297394,-1.6676353488566904,-2.6565537706741975,-2.518482830363552,-0.8341837513728956,-2.6331087686971224,2,Low Popularity
UC1Up4TuDvGZraQUj9vxUaxQ,Harvard Graduate School of Education,6264085,66100,1256,4987.328821656051,52.62738853503185,94.76679273827534,15.650343245805018,11.098939154318382,7.136483208590247,8.51485622717245,3.9820599177020557,4.561915993761885,-0.8552351155698665,-0.7664748839334576,0.6454798811742868,-1.370607173640349,-1.2463238277861604,-0.683943548825647,-0.9184150525664525,2,Low Popularity
UCSL3Jd1qtL3RkeKCpbhOspg,DP Education - Science,39104573,390000,2238,17472.999553172474,174.2627345844504,100.2681358974359,17.48175000021091,12.873904582205107,7.713784616598755,9.768469315287048,5.166286188521216,4.617771809921257,-0.13029164240982108,0.08326383891757577,1.1324777276360554,-0.7839909301859254,-0.6214287287568876,-0.6166366953863982,-0.3170499027764231,2,Low Popularity
UCG39RTGd380JWqV99b6KxnA,Khan Education Hub,226071,3920,213,1061.3661971830986,18.4037558685446,57.67117346938775,12.32860881158809,8.27410200229233,5.365976015021851,6.968253960805498,2.965466648802307,4.071948523920426,-2.170109428369766,-2.1188243303576924,-0.8480782124865073,-2.094324898204614,-1.7827619790882518,-1.2743595690396072,-2.013073552954215,2,Low Popularity
UC6hjOyoJnB1PIxl8HszMt8g,Soni Traveling,15736788,85700,484,32514.02479338843,177.06611570247935,183.6264644107351,16.571511777600886,11.358619773129229,6.184148890937483,10.389457562824518,5.182154917857397,5.218334672631787,-0.4906000539161438,-0.6421565879764405,-0.1578868790219734,-0.49340542461526565,-0.6130550830826178,0.10704795127920184,-0.4051995834710759,1,Medium Popularity
UC-JFCYHPWDWhTe2RzAwfgrQ,Travel With AB,64560780,390000,381,169450.8661417323,1023.6220472440945,165.54046153846153,17.98311767912665,12.873904582205107,5.945420608606575,12.040324189908945,6.932079089177259,5.115238292140819,0.06816958178790007,0.08326383891757577,-0.3592724252407625,0.2791018093998389,0.31034871674545705,-0.017184285378545227,0.09134532519270303,1,Medium Popularity
UC3o_gaqvLoPSRVMc2GmkDrg,Expoza Travel,75780654,252000,2435,31121.41848049281,103.49075975359342,300.71688095238096,18.143353606958915,12.437188334739655,7.798112628829788,10.345683689941492,4.649098644084696,5.7094890973752594,0.13159732102075403,-0.12580767342811205,1.2036148490482201,-0.5138889893734415,-0.8943393791630873,0.6988942647933413,0.09162265357023715,2,Low Popularity
UCqa5gDXXxK0M8gr8WadV4yw,Travel Kids,9171112,45000,214,42855.66355140187,210.2803738317757,203.8024888888889,16.031569210913215,10.714439990727769,5.3706380281276624,10.665616420719862,5.353186037353914,5.322046045869286,-0.7043307495466125,-0.9505482315455155,-0.844145448229897,-0.36417953079592635,-0.5228050092678105,0.23202126074732285,-0.5079306693896646,1,Medium Popularity
UCktbDpSgC_JJX3APNNbVMWA,Talkin Travel,12156187,110000,325,37403.65230769231,338.46153846153845,110.51079090909091,16.313348898512917,11.608244735642321,5.786897381366708,10.52955036892023,5.827360651808011,4.714121365671074,-0.5927911667078742,-0.5226522903123686,-0.49299887941017173,-0.42785033714369713,-0.2725915154804321,-0.5005344544078341,-0.5470378311894302,1,Medium Popularity
UClMdFZYKHq1apvwboacydtw,Inder khushi Travel Vlogs ,902997,23400,66,13681.772727272728,354.54545454545456,38.589615384615385,13.713475617557245,10.060534035475412,4.204692619390966,9.523892855380923,5.873653101957143,3.678566846107863,-1.6219241878337167,-1.2635961380291811,-1.8277094847451003,-0.8984381432118288,-0.24816381451392713,-1.7483886810423628,-1.495953786183358,2,Low Popularity
UC6OjooeFqsuH1kVOTEAxjIA,Punjabi Travel Couple,308898643,978000,1019,303139.00196270854,959.7644749754661,315.84728323108385,19.54852376810902,13.79326597151132,6.927557906278317,12.621950030460242,6.8677292956603315,5.758419901426577,0.6878194352803884,0.5233946496442557,0.46923542570296933,0.5512680534467689,0.27639247748346346,0.7578564048782654,0.6649190128630403,1,Medium Popularity
UCAjA4SbeRNqig8NdNszDBsA,DW Travel,68634241,379000,1474,46563.257123473544,257.123473541384,181.09298416886543,18.044302122678886,12.84529412258351,7.29641326877392,10.748588511289865,5.553438050056684,5.204517458637523,0.09238881266351809,0.06956700007380091,0.7803931064210919,-0.3253535353247576,-0.41713559085324625,0.090398061237363,0.013862432824027309,1,Medium Popularity
UC7nbOXnwrSCPGfy3bml5L1g,eva travel,114340122,280000,996,114799.31927710843,281.12449799196787,408.3575785714286,18.554688099538545,12.54254845357358,6.904750769961838,11.650949544023216,5.642348455754523,6.0145890493225815,0.294419837080512,-0.07536805843010876,0.4499958636371147,0.09689767143139218,-0.3702191542377573,1.0665429567656792,0.3625840121261536,1,Medium Popularity
UC8-P4mzYYPcjitkBs_YsmDA,Travel with Tejasvi,11288243,47600,256,44094.69921875,185.9375,237.14796218487396,16.239272388156433,10.7706090484022,5.54907608489522,10.69411753329487,5.230774336390167,5.472892170354807,-0.6221135892490242,-0.9236581171905315,-0.6936193137581398,-0.3508427080142117,-0.5873994823689427,0.4137924475411289,-0.4248090169376697,1,Medium Popularity
UCzNiyMcMKsrQT-95xsj3VHA,Traveling Book,2803100,19400,172,16297.093023255815,112.79069767441861,144.48969072164948,14.846236862319735,9.873079890114703,5.153291594497779,9.698803387512411,4.734360775595561,4.9801052299545345,-1.1735323332860306,-1.35333706682101,-1.0274937713857952,-0.8165904341599844,-0.8493480718202148,-0.1800210647287495,-0.9620047023228616,2,Low Popularity
UC-Rx9HRmDoc5YmtcPOopmrA,Travel Beans,56971700,379000,618,92187.21682847897,613.2686084142395,150.32110817941953,17.858065228830746,12.84529412258351,6.428105272684596,11.431587601252597,6.420432305471095,5.019404123154742,0.018668859227719624,0.06956700007380091,0.04790896850815818,-0.005750649685371726,0.04036182703483599,-0.13266547981698415,-0.00929619707530284,1,Medium Popularity
UCME-uQDMlInGIFuC0-9ZrgQ,Budget food & travel,47666835,419000,259,184041.83397683396,1617.7606177606178,113.76332935560859,17.679746451997314,12.945628585536271,5.560681631015528,12.122923802851313,7.389416084660695,4.742872002156339,-0.05191678926150147,0.11760065586670926,-0.6838291488820493,0.31775350753097026,0.5516772990650207,-0.46588963119591537,-0.04511042782848655,1,Medium Popularity
UCYxsXxbjJO1YYa9yQ3lKC8w,Luxury Travel Expert,317070977,1330000,603,525822.5157545605,2205.638474295191,238.39923082706767,19.574636212141264,14.100690252077353,6.403574197934815,13.172720914040793,7.699225584182172,5.478132580199195,0.6981557769062402,0.6705695249614614,0.027215132656020397,0.8089960157608966,0.7151582508511737,0.42010719722362305,0.6708007666485655,0,High Popularity
UCU2LTDwLnH6RZPnVWD2hLqA,Welcome to Travel,439813,6730,80,5497.6625,84.125,65.35111441307578,12.994107189247355,8.814479000010714,4.394449154672439,8.612260159828887,4.444120764469677,4.194960556614193,-1.9066787600477033,-1.8601267508527248,-1.6676353488566904,-1.325027935824204,-1.0025025533276284,-1.1261287593391507,-1.6777972972762474,2,Low Popularity
UCWUN23k_fPGFVYwVO7p-uWQ,Travel With Koushik,227152521,987000,553,410764.05244122964,1784.8101265822784,230.1443981762918,19.24113225290356,13.80242633158633,6.317164686747284,12.925776681463553,7.487627443680925,5.443042615558231,0.5661416746644706,0.527780037972784,-0.045677892163211706,0.6934408261807814,0.6035016829965589,0.37782341605857944,0.5554834990887969,0,High Popularity
UCWNjN-Ntmckg2w8TtflpfXA,STEP TO TRAVEL GOA,15833666,98600,637,24856.61852433281,154.78806907378336,160.58484787018256,16.577649053798922,11.498836682527127,6.45833828334479,10.120919564994638,5.048496552030576,5.08503037851139,-0.4881706764378512,-0.5750297946079937,0.07341282295805585,-0.6190652099232311,-0.6835842208053161,-0.05358514307186405,-0.44869701363570286,2,Low Popularity
UCTrwpTSNhisr32rXpPUACkw,SLICE Travel,11443458,84100,663,17260.117647058825,126.8476621417798,136.0696551724138,16.25292885835417,11.339773736496767,6.498282149476434,9.756211716136525,4.850839415623817,4.920489228535842,-0.616707816384838,-0.6511788522117157,0.10710852595759027,-0.7897267563635734,-0.7878843692417342,-0.2518589814583717,-0.593423214471892,2,Low Popularity
UCKuA6aa8NPPgCKqaSvBeX_g,AS with Travel,1695576,12800,229,7404.2620087336245,55.89519650655022,132.466875,14.343533653848686,9.45727857185611,5.438079308923196,8.909946108754356,4.041210917648692,4.893853319710798,-1.3725222130825165,-1.55239586288866,-0.7872535750169981,-1.1857286458411525,-1.2151108992435726,-0.2839555353139831,-1.1764285334809659,2,Low Popularity
UCrBPPGyR_7aOd882VpMRkRg,DREAM AND TRAVEL,38814795,201000,741,52381.63967611336,271.2550607287449,193.1084328358209,17.474312072107992,12.211065162153215,6.60934924316738,10.86633051152491,5.60673935017564,5.268416935062344,-0.1332358695287127,-0.23406083310198497,0.20080210558499606,-0.2702572934862412,-0.3890094446622958,0.16739761097625988,-0.11677960831790073,1,Medium Popularity
UCUJNWCiqMT_UudVRSSGZ3SA,Travel Alone Idea,254176810,1520000,30,8472560.333333334,50666.666666666664,167.22158552631578,19.35354068911241,14.23422155071698,3.4339872044851463,15.952343421544056,10.83304324780764,5.125282071803841,0.610637394668609,0.7344956800200247,-2.477858388088892,2.1096937581761956,2.3688179842197874,-0.0050814238998709,0.7843146415143813,0,High Popularity
UCTFz3noLGUS4vsuJvObRtuw,Traveling Mondays,46910833,587000,218,215187.30733944953,2692.6605504587155,79.9162402044293,17.66375920887182,13.282781802386296,5.389071729816501,12.279268771869134,7.898656346974485,4.393414548101332,-0.05824517454771244,0.27900782436145305,-0.8285952124254302,0.3909136390562153,0.820394310323474,-0.8869895856970206,-0.09493229454106689,1,Medium Popularity
UCG-VB59t_VaVB7asdArTqdQ,Aditya's Travel Tales (Telugu),437883,1180,300,1459.61,3.933333333333333,371.0872881355932,12.98970931409958,7.074116816197362,5.707110264748875,7.28660943566401,1.5960148921019597,5.919128472273979,-1.9084196135618026,-2.6932996770051605,-0.5603054084247445,-1.9453535014353605,-2.5053972661158914,0.9515119445913377,-1.4992035920069096,2,Low Popularity
UCXMeQFZaNWnF7l8iHrLxxEQ,My Travel Support,116761738,531000,433,269657.5935334873,1226.3279445727483,219.89027871939737,18.575645997638524,13.182519183461475,6.073044534100405,12.504911969471308,7.112594682490138,5.397666101849729,0.3027158048671232,0.23100856284551846,-0.2516118929602377,0.49650121323949603,0.40560357837046573,0.3231442336964787,0.335594206490024,1,Medium Popularity
UCDa5_HJ3qPkDtbRmdlqBD3g,Kuga's Travel,100664154,458000,200,503320.77,2290.0,219.7907292576419,18.427300336028644,13.034626646500051,5.303304908059076,13.128984946349169,7.736743682453495,5.3972153264636775,0.24399470487283031,0.1602071751100841,-0.900946079605579,0.788530188374162,0.734955882699377,0.3226010445546998,0.3485556733201336,0,High Popularity
UCHKVXtT1YBCYUnnr4apqXfg,Travel Thirsty,3899849878,8150000,974,4003952.6468172483,8367.556468172485,478.50918748466256,22.08420389677705,15.913528607916424,6.882437470997847,15.202792842631268,9.032236683636308,6.172763054691887,1.6915422592118938,1.5384393578179285,0.4311728911098052,1.758948740395468,1.4185644524584977,1.2571443180798603,1.6260186531249063,0,High Popularity
UCqo_tUOxG5ew4ghkSYw1hSQ,Travel with Mom,28511,86,47,606.6170212765958,1.8297872340425532,331.5232558139535,10.258080330270536,4.465908118654584,3.871201010907891,6.409544784280182,1.040201526511695,5.806709799947665,-2.9897067706379903,-3.9419414210968644,-2.1090351369803626,-2.355767508707126,-2.7986900739946323,0.8160462469724403,-2.3169418889041737,2,Low Popularity
UCwzfmK3YWOGPjrF0UDvzQ-Q,The New Travel,54349761,384000,450,120777.24666666667,853.3333333333334,141.5358359375,17.810950792497067,12.85840043573314,6.111467339502679,11.701711471004302,6.750321437695962,4.959593448356002,1.909558043245787e-05,0.07584145568971196,-0.2191993209028159,0.12065122920649247,0.2144384431596772,-0.20473798004319305,-0.009157241414618551,1,Medium Popularity
UCLxAS02eWvfZK4icRNzWD_g,Music Travel Love,2375003642,5760000,110,21590942.2,52363.63636363636,412.32702118055556,21.588264808326578,15.56644820628317,4.709530201312334,16.887784488428824,10.86598676391953,6.024239098477,1.4952298865550917,1.3722796948877007,-1.4018404121980783,2.5474244502306633,2.3862016905860313,1.0781713687875307,1.610639284433184,0,High Popularity
UCBWVn5UkZqhQBdw1FHnGdpg,TARDY TRAVEL,29176079,104000,160,182350.49375,650.0,280.53922115384614,17.188859753446604,11.552155793461898,5.081404364984463,12.113691387867657,6.478509642208569,5.640271767017667,-0.24622922549081044,-0.5495040505470473,-1.0881361420355684,0.31343328732341835,0.07100820263568812,0.6154866444205277,-0.024833702885427994,1,Medium Popularity
UCBElRVEL-H0eDYdL2mb1Sng,Travel with AK,242715656,1280000,311,780436.192926045,4115.755627009647,189.62160625,19.30740118035893,14.062371417145494,5.7430031878094825,13.567609545393559,8.32282066295444,5.250290343924507,0.5923735460477727,0.6522249435152162,-0.5300269854185841,0.9937803704419815,1.0442182608389698,0.14555487557362118,0.5945085570391404,0,High Popularity
UCrcHYfph5Q1owBdVp7-1LTg,Travel Alone India,3395427,17400,149,22788.10067114094,116.77852348993288,195.1394827586207,15.03794037877575,9.76428295481558,5.0106352940962555,10.034037659905199,4.768805941268147,5.278826052857713,-1.0976484736779555,-1.4054220074056012,-1.1478352604519737,-0.6597207656692093,-0.8311719717416702,0.17994070879593504,-0.8324624537494448,2,Low Popularity
UCEZKpVw6ldXNVU4Ua6IFwTw,Travel Tips by Laurie,84441455,389000,580,145588.7155172414,670.6896551724138,217.07314910025707,18.251569023808525,12.871337193291367,6.364750756851911,11.888547777066158,6.5097964111901225,5.384830552837463,0.1744332775616416,0.08203473904760239,-0.005535406208646811,0.20807949000085327,0.08751767306612374,0.3076772604144864,0.1954439253889082,1,Medium Popularity
UCBMjORco1vbZmC1cf_xnEmg,Fit and Travel,160289408,1520000,299,536084.9765886287,5083.612040133779,105.45355789473685,18.892491545528078,14.23422155071698,5.703782474656201,13.192049831272842,8.53397401061311,4.667708813934887,0.42813584680470107,0.7344956800200247,-0.5631126536282508,0.8180407975394267,1.155640119437204,-0.5564620736290063,0.3544252540040135,0,High Popularity
UCAzrrxH_Z3gJMcyq0D8ff8w,Offbeat Travel,2382625,12800,244,9764.856557377048,52.459016393442624,186.142578125,14.683713798736443,9.45727857185611,5.501258210544727,9.186647556553163,3.978915311616008,5.231870776203658,-1.2378654116146093,-1.55239586288866,-0.733957344305133,-1.0562488522708269,-1.2479831803777808,0.12335910026771262,-1.0057010452904807,2,Low Popularity
UCpjs8ca_snn1pWB4ZICRzvg,Travel With OTA EXPERT,86886467,481000,785,110683.3974522293,612.7388535031847,180.63714553014552,18.280112858892632,13.083624628087817,6.666956792429207,11.614438164338823,6.419569517645539,5.202010991121384,0.18573206025609182,0.18366424173376344,0.24939847490137956,0.079812520839985,0.03990654927502167,0.087377741181925,0.14903199566038164,1,Medium Popularity
UCyT3tpNGGQRxQHZmr-muOfA,ViX Travel Films,11075276,53500,547,20247.305301645338,97.80621572212065,207.0145046728972,16.22022588486938,10.887455624298198,6.306275286948016,9.915826380224944,4.593160514942148,5.337607811274329,-0.6296529511145702,-0.8677195289727342,-0.054863932900231026,-0.7150366023315912,-0.9238569330388896,0.2507733538218312,-0.5182305925983494,2,Low Popularity
UC9ykRiM3WYAbsaUupoXsNSg,Travel Heart,9691402,68300,261,37131.80842911878,261.6858237547893,141.89461200585652,16.086749761827807,11.131679686740132,5.568344503761097,10.522256182046227,5.570958731606891,4.962107379577374,-0.6824880976427288,-0.7508008331782021,-0.6773649302381417,-0.43126358206244414,-0.4078902394350554,-0.20170866614344765,-0.5660916791475925,1,Medium Popularity
UCRoX4taJZz5R8fAQhysmIhw,Travel Forever : Вячеслав и Ирина Юмабаевы,30088136,164000,291,103395.65635738832,563.5738831615121,183.46424390243902,17.219641532432234,12.00762780434872,5.676753802268282,11.54632790356445,6.3360712575081015,5.217455644712158,-0.23404457578685806,-0.33145349094479004,-0.5859134039175058,0.04794097634593791,-0.004153994578023659,0.10598871327278363,-0.13581127231907358,1,Medium Popularity
UCOcODf_C8dXo-sFDQHWXdAA,Travel Evergreen,17348529,49700,1131,15339.106100795756,43.94341290893015,349.0649698189135,16.66901833454289,10.813780332606648,7.0317412587631285,9.63822599150722,3.8054042075525163,5.858118765310742,-0.45200308911006754,-0.902990496668253,0.5571220436696503,-0.8449370466991541,-1.339541897852806,0.877994597835012,-0.3343112593277897,2,Low Popularity
UCPur06mx78RtwgHJzxpu2ew,Wind Walk Travel Videos ʬ,65440151,236000,621,105378.66505636071,380.03220611916265,277.2887754237288,17.996646572994454,12.371591321286905,6.432940092739179,11.565324965321716,5.942883902050689,5.628659335069266,0.07352485487780462,-0.15721128363845097,0.05198750862940011,0.056830469531973224,-0.21163195506581092,0.6014935402289395,0.1417747397014833,1,Medium Popularity
UCUo7t7vYRnKCADziEey84fA,Travel Town Holidays ,38286,8590,46,832.304347826087,186.7391304347826,4.457043073341095,10.552865691963367,9.058470422638056,3.8501476017100584,6.725398938974558,5.235053395145603,1.6969070814001919,-2.8730190258602515,-1.7433194279648585,-2.1267952962278383,-2.207966580762961,-0.5851414993207531,-4.136309805837482,-2.8747487936585046,2,Low Popularity
UCmk6QS9q8xQvxHoup-5tQig,SUKIYAKI TRAVEL JAPAN,17273608,100000,127,136012.66141732284,787.4015748031496,172.73608,16.664690403391937,11.51293546492023,4.852030263919617,11.820510611271228,6.670007572743782,5.157537366127601,-0.4537162560144823,-0.5682802088660714,-1.2816307216487157,0.17624214960268153,0.17205824789682453,0.033786549338487265,-0.2704995489858038,1,Medium Popularity
UCpcEmGvsCgl1A4oA3n55-dg,Harish Bali Travels,39717781,184000,212,187348.02358490566,867.9245283018868,215.8575054347826,17.49730955469588,12.122696471358964,5.3612921657094255,12.14072859249171,6.767256272589189,5.379240480864265,-0.1241325532604428,-0.2763660505872221,-0.8520293972517957,0.3260850883938141,0.22337465373734625,0.3009411641422318,0.015285847428783167,1,Medium Popularity
UCQwXtYkGD3T3LxBKhhn74nA,DustBugs Travel,16825219,53700,678,24815.957227138642,79.20353982300885,313.3187895716946,16.63838950918967,10.891186902297498,6.520621127558696,10.1192824576551,4.384567651342441,5.750407724300103,-0.4641271936963152,-0.8659332342359953,0.12595316078317909,-0.61983127863036,-1.0339276698295645,0.7482016460964366,-0.32015899342231124,2,Low Popularity
UCeoRAN5sr02w8_9aFWxIM4g,Tech Travel Eat by Sujith Bhakthan,793493099,2280000,2412,328977.23839137645,945.273631840796,348.0232890350877,20.491955402240755,14.639686439527019,7.7886260656250315,12.703746882852789,6.852531778644084,5.855138650735593,1.061267116354594,0.9286060617577624,1.1956122081626261,0.5895441074636246,0.26837301858875606,0.8744035280282539,0.9387091088371561,1,Medium Popularity
UC6mGGOrc7LEOm_WbaJGqOPA,Travel With SoMi,1142208,5150,349,3272.8022922636105,14.756446991404012,221.78796116504856,13.948474664712586,8.546946149565585,5.857933154483459,8.093707368894385,2.7572496143053877,5.406220472325041,-1.5289022389825127,-1.9882041877910899,-0.43307477728656346,-1.5676797501158852,-1.8926343975590318,0.33345234123901357,-1.2634993906090808,2,Low Popularity
UCkpm-wL7mUqPMTlFma8TOUg,Kamil - In Travel,101547539,586000,585,173585.53675213674,1001.7094017094017,173.28931569965872,18.43603762117731,13.281076775042335,6.373319789577012,12.064431524929875,6.9104610168790614,5.160716652308995,0.2474532690756898,0.2781915674727718,0.0016932276132947382,0.29038260603777405,0.2989412452491021,0.03761762305231464,0.22137389877374955,1,Medium Popularity
UC6n_HeL8xgWIQsKsWs4KO4w,TRACKS - Travel Documentaries,134368492,731000,820,163864.01463414636,891.4634146341464,183.81462653898768,18.716096531487665,13.502170106720037,6.710523109452428,12.006798286389667,6.79398552080704,5.219353304013796,0.35831169997389234,0.3840367644208444,0.2861499920019004,0.2634136837992417,0.23747920168029826,0.1082754129448211,0.30080701044115093,1,Medium Popularity
UCuDdJRJ6qR-wGILbpq-FXCw,スーツ 旅行 / Suit Travel,426390561,1100000,708,602246.5550847457,1553.6723163841807,387.62778272727274,19.870866296424605,13.910821646859095,6.5638555265321274,13.308423860833752,7.349020073393468,5.96262202879657,0.8154154002194256,0.5796727088472682,0.16242467964845025,0.872496910596883,0.5303610438161314,1.0039221434874572,0.8429694187080696,0,High Popularity
UCpfXVjy3p5qfR_7EoKpQirQ,The Frustrated Gamer,1928131556,3350000,2885,668329.8287694975,1161.1785095320624,575.5616585074627,21.37981726576537,15.024471202308668,7.9676267393338165,13.412538582570614,7.058051548274087,6.357082287168629,1.412718076924348,1.1128161358029245,1.3466129530111461,0.9212163979192721,0.3768221384571887,1.4792509565532732,1.3193276767557764,0,High Popularity
UCbuhrs2MVHtt_iyGtfwWlxA,IJustWantToBeCool GAMING,113311388,219000,413,274361.71428571426,530.2663438256659,517.403598173516,18.54565024168776,12.296831574998258,6.025865973825314,12.522206284718258,6.275263484613711,6.250754085935111,0.290842294273862,-0.1930014181018679,-0.2914106132377352,0.5045939224968159,-0.036241172679811,1.3511243414759166,0.4736147142353461,1,Medium Popularity
UC97XthQ7oIOfAWIGPoyFDYQ,Legends of Gaming NL,197906120,535000,820,241348.92682926828,652.439024390244,369.91798130841124,19.103303339856986,13.190023895035274,6.710523109452428,12.39400313791589,6.482249222498654,5.915980963526434,0.5115835211109351,0.23460133368369673,0.2861499920019004,0.4446024872691019,0.07298151251175092,0.9477191630237873,0.5541746916247989,1,Medium Popularity
UCcUx57h8_raPvjJ1JPriJIQ,DarkBlock Gaming,2824625,19400,184,15351.222826086956,105.43478260869566,145.5992268041237,14.8538865244179,9.873079890114703,5.220355825078324,9.639015552048523,4.667532427703067,4.987702515251219,-1.170504293449111,-1.35333706682101,-0.9709199688378207,-0.8445675794024975,-0.884612200055907,-0.1708662550211786,-0.96370442373062,2,Low Popularity
UCdNSCQOvY6CNtMEB_Gan_IQ,Suggestive Gaming,108004853,410000,306,352957.03594771243,1339.8692810457517,263.4264707317073,18.497686728522968,12.923914877701906,5.726847747587197,12.774104450513752,7.201073399817234,5.577563219198109,0.27185643232102596,0.10720553601048653,-0.5436553336050811,0.6224672577012613,0.45229222072582664,0.5399221763365536,0.3679669735940792,0,High Popularity
UCNL6sUET_O5MYNqESOIIBpw,CarbonFin Gaming,200695279,508000,2172,92401.14134438305,233.88581952117863,395.0694468503937,19.11729829580193,13.138238695062618,7.6838639802564295,11.433905432084005,5.459099521690992,5.981589566713141,0.5171232800667447,0.20980992704782717,1.1072373847902894,-0.004666042936946081,-0.46691635106605306,1.0267782287161007,0.48808301298163004,1,Medium Popularity
UCYGP_xER6wvSvWyk4CNOGNQ,The Clashers Gaming,76861744,264000,535,143666.81121495328,493.4579439252336,291.1429696969697,18.157518846460214,12.483708170000067,6.284134161070802,11.875259047079451,6.203462099772062,5.677243304692316,0.13720448496590767,-0.10353698309219547,-0.0735416642739318,0.20186115601966761,-0.07412948388914144,0.6600377411333757,0.21883248951689077,1,Medium Popularity
UCmlqW3C9C0_gA0LufzbHfKg,Legacy Gaming,134851481,495000,1981,68072.42857142857,249.87380111055023,272.42723434343435,18.7196845974785,13.112315061750808,7.591861714889934,11.128342233491884,5.524950028273196,5.611035532874595,0.3597319988862267,0.19739936697947505,1.0296264445058214,-0.14765141649076988,-0.43216821226370256,0.580256670858443,0.2939669031532315,1,Medium Popularity
UCJ2ZDzMRgSrxmwphstrm8Ww,Smosh Games,3620776510,8230000,3999,905420.4826206552,2058.0145036259064,439.9485431348724,22.009954345582116,15.923296694159928,8.294049640102028,13.716155840917724,7.629982751017505,6.088928186405095,1.6621513402397223,1.543115686155848,1.6219756102031755,1.0632911873643798,0.6786200417658683,1.1561224087986879,1.466745972177517,0,High Popularity
UC9PD3EIAA-vtGLZgYXG3q0A,Frostbite Gaming,3733646764,5430000,3348,1115187.2054958183,1621.863799283154,687.5960891344383,22.04065127796605,15.507449876072164,8.116417072794205,13.924533742798877,7.391947644882375,6.5346548714436805,1.6743024042915673,1.3440351077108494,1.4721289676342555,1.1607996316996885,0.5530131582790974,1.6932278120794324,1.5680904516613707,0,High Popularity
UCo0NaLsgPT6JrQLQGecpMyw,G for Gaming,456680281,1200000,330,1383879.6393939394,3636.3636363636365,380.5669008333333,19.93949410227243,13.997832948091215,5.802118375377063,14.140402168228121,8.199014422492134,5.944286197954045,0.8425810092830522,0.6213280959443667,-0.4801588079999506,1.2618131948208073,0.9788879140965193,0.9818272720118817,0.9281277044945271,0,High Popularity
UC5S0zPiz9-zZJ6WTV3YfE9w,Dave Gaming,120022561,218000,6634,18092.03512209828,32.861018993066025,550.5622064220183,18.603190299740067,12.292254928916668,8.800113946766308,9.80328234331537,3.5222644705541737,6.312754627295545,0.31361893274039543,-0.19519242043645524,2.048879518798944,-0.7677005069932622,-1.488949691237015,1.4258356542350745,0.270233349312204,2,Low Popularity
UCc3Sb5CGunxWqF5BSkJI3iA,Bruno&Joel Gaming,24238983,247000,28,865677.9642857143,8821.42857142857,98.13353441295547,17.003472804095544,12.417147664184915,3.367295829986474,13.671269407827795,9.085052459334001,4.596467773731363,-0.3196127371644366,-0.1354018511707955,-2.534117658043678,1.042287010708181,1.446434396064873,-0.6423082859224007,-0.12128655530644525,0,High Popularity
UCv5gQgP_uGbJxImWVoUC_Ng,Onespot Gaming,1613508099,3560000,2967,543818.0313447927,1199.8651836872261,453.2326120786517,21.20167658958624,15.08527138372705,7.995643604287271,13.206371807524349,7.090797562396276,6.118609428235781,1.3422029277420608,1.1419233328760976,1.3702473192324418,0.8247426292187195,0.39410162654314723,1.1918886213644981,1.2141923587333687,0,High Popularity
UCvO9Xk3bheuxEemvknCj72g,WhatCulture Gaming,959192520,1710000,6614,145024.57211974598,258.54248563652857,560.931298245614,20.68160236452458,14.352004513273993,8.797095076549056,11.884665365299737,5.558920410347792,6.331379597306582,1.1363369102065268,0.790882549648223,2.0463328711134294,0.2062627525819848,-0.4142426470287049,1.4482789414885708,1.0007381792771282,1,Medium Popularity
UCzOOj0KTSVUWVHswnP4W6nw,GAMING INVESTIGATORS - HUBSON,22544636,95800,178,126655.25842696629,538.2022471910112,235.33022964509394,16.931007768576627,11.470028402317833,5.187385805840755,11.74923206934487,6.290090727228528,5.465230105105403,-0.3482972740131562,-0.5888213371631212,-0.9987326991443138,0.14288803827425373,-0.028417100988082474,0.4045595773005055,-0.15360630136592796,1,Medium Popularity
UCIPPMRA040LQr5QPyJEbmXA,MrBeast Gaming,9293330808,48900000,151,61545237.13907285,323841.059602649,190.04766478527608,22.95256286254218,17.705287974894997,5.0238805208462765,17.935283041867862,12.688011205559969,5.25252295076286,2.035273198871801,2.3962179332381104,-1.1366618996846585,3.037591370365896,3.347651518164232,0.1482451905952071,1.9307361999909927,0,High Popularity
UCnbvPS_rXp4PC21PG2k1UVg,Gaming Historian,143989420,1090000,144,999926.5277777778,7569.444444444444,132.10038532110093,18.785250389563792,13.901689171636098,4.976733742420574,13.815438083115813,8.9320070559953,4.891103620371338,0.3856855413859755,0.5753006699835609,-1.1764338095438993,1.109749362149048,1.3656750641433153,-0.2872689523073901,0.4158571798099875,0,High Popularity
UCDBCCMlFD-hArPbWv38FINA,Daz Games,3087455722,9240000,1678,1839961.6936829558,5506.555423122765,334.1402296536796,21.85061319806893,16.039052551842968,7.425953657077541,14.425255854207318,8.61387614183472,5.814549040219344,1.599077790566707,1.598532108991318,0.8896703215093236,1.3951077502043796,1.1978030501479369,0.8254926150021448,1.4377247121729213,0,High Popularity
UC1R3yteq3HoSUIHQ7hp65XQ,Nessaj Gaming,192151748,428000,3392,56648.510613207545,126.17924528301887,448.95268224299065,19.07379597719756,12.966880811009803,8.129469764784231,10.944638627640506,4.845597471578997,6.1091424266645245,0.499903335964377,0.12777484779625126,1.483139910620866,-0.2336137602117027,-0.7906504496975645,1.1804807836301496,0.45690151753120956,1,Medium Popularity
UCNoiWmvkDUL0q-6ECxNFH0Q,JONATHAN GAMING,696661545,7250000,499,1396115.3206412825,14529.058116232465,96.09124758620689,20.361810263988772,15.796512164761882,6.214608098422191,14.14920488307479,9.583974756297037,4.575651233090483,1.0097505057969938,1.4824194481360276,-0.1321922102679931,1.265932340962875,1.7097068008840688,-0.667392439129118,0.8098694708612724,0,High Popularity
UCtSP1OA6jO4quIGLae7Fb4g,Rocket Beans Gaming,303504612,358000,8275,36677.29450151057,43.26283987915408,847.7782458100559,19.53090736768934,12.788291058675025,9.021115038865434,10.509940428602118,3.79014549612425,6.743797957624088,0.6808461648836852,0.04227761743953615,2.2353108256084147,-0.43702662098505163,-1.347593647948191,1.9452474586854756,0.6492926679740898,2,Low Popularity
UCGOR7gZunIWOnKuX1cC0bEg,GMi Gaming,583747471,780000,1606,363479.1226650062,485.678704856787,748.3941935897436,20.18497903631702,13.567050480716235,7.382124365737512,12.803479891283107,6.187604161735439,6.619265138250766,0.9397536882996703,0.4150972939790264,0.8526969654799812,0.6362132139913744,-0.08249743518694616,1.7951840848369787,0.9952259218145743,1,Medium Popularity
UCY-_QmcW09PHAImgVnKxU2g,SQUEEZIE GAMING,2581892352,5020000,1417,1822083.5229357798,3542.695836273818,514.3211856573705,21.6717884371772,15.42894069087108,7.257002707092073,14.415491745921317,8.172925483062626,6.244790367738364,1.528291853507126,1.3064499842393058,0.7471472864721731,1.3905387292060183,0.9651212456902408,1.3439379975242656,1.462363405708635,0,High Popularity
UCUEBwthcpWBTQXscn8bpS6Q,Boomstick Gaming,119832417,384000,731,163929.43502051983,525.3077975376196,312.0635859375,18.601604808041444,12.85840043573314,6.595780513961311,12.007197440113801,6.265886208015931,5.746406319868059,0.3129913322055053,0.07584145568971196,0.18935584577874737,0.26360046396325887,-0.041189394428127066,0.7433799111335045,0.35961150392026353,1,Medium Popularity
UCvwd8ip8psK850ocD-Re3Fg,Tribe Gaming,319650598,924000,1031,310039.3773035887,896.2172647914646,345.9422056277056,19.58273907909986,13.736468432874318,6.939253946041508,12.644457817346032,6.79929804542955,5.849158211688121,0.701363213212449,0.49620365922595244,0.4791019288810138,0.5618003568477108,0.24028252624915988,0.8671970352733722,0.6912756666692709,1,Medium Popularity
UC_rVZCm-6E4y5qw5rtq9TbQ,Gaming Follow,251724751,1330000,665,378533.46015037596,2000.0,189.26673007518798,19.343846794563362,14.100690252077353,6.501289670540389,12.844062391705814,7.601402334583733,5.248426930195841,0.6068001665018307,0.6705695249614614,0.10964559976516579,0.6552034065584924,0.6635386653450213,0.14330944218179337,0.5429761492633383,0,High Popularity
UCcsL06xD4HLPWMQPDwcdjyQ,DARLUNG GAMING,1418468898,2570000,1844,769234.7603036877,1393.7093275488069,551.9334233463035,21.07284388669964,14.759416845976386,7.520234556474628,13.553152781870528,7.240441305195448,6.315237602495826,1.2912058311863563,0.9859252416495372,0.9692034636979935,0.9870154663493291,0.47306596281894653,1.4288276657996672,1.2425803825044583,0,High Popularity
UCYQ8oHPbnZ1sLBjiCSdP8ZQ,ARTA GAME,2401912342,5800000,2153,1115611.863446354,2693.915466790525,414.1228175862069,21.599531066599422,15.573368647930426,7.675081857716334,13.924914465187419,7.899122116168602,6.028574422438182,1.499689518683337,1.3755927550490508,1.0998289934282388,1.1609777870966629,0.8206400884267425,1.083395480339932,1.365148654252111,0,High Popularity
UC6zzlBIwNS9GJZZ3rBx_WhQ,Hudson's Playground Gaming,2189950212,1900000,699,3132975.982832618,2718.1688125894134,1152.6053747368421,21.50714464672645,14.45736497045232,6.551080335043404,14.957494223221296,7.9080815289830255,7.050647425619036,1.4631193073229107,0.8413223266236569,0.15164782953715938,1.6441635997431392,0.8253678109033268,2.315004336130767,1.6011131714641411,0,High Popularity
UCXaFhaxwH3ASTgwwKL4Kt2Q,Yippi Gaming,2209313469,6560000,1599,1381684.4709193246,4102.5641025641025,336.7855897865854,21.515947657156456,15.696501313359285,7.3777589082278725,14.138814667623855,8.319611168384112,5.822411344454262,1.466603888200447,1.4345407166368633,0.8490143685271193,1.2610703391105522,1.0425246677505715,0.8349667753532267,1.3260464376881802,0,High Popularity
UCE9LtVaTm5PhbgHfH_AvHkg,Brandon Stilley Gaming,29961125,140000,537,55793.52886405959,260.707635009311,214.0080357142857,17.215411299351647,11.849404844423074,6.2878585601617845,10.929431094531092,5.5672279837735426,5.370675402844502,-0.2357190699178532,-0.4072004174936657,-0.07039984907737865,-0.24072997974501217,-0.4098588885811014,0.29062015389457835,-0.16294176388849624,1,Medium Popularity
UCemhZ2At2lgifTJLClGCz9A,Royalty Gaming,1288535674,7350000,176,7321225.420454546,41761.36363636364,175.31097605442176,20.976772274906626,15.810211007243431,5.176149732573829,15.806288415681546,10.639750821442409,5.172249345290173,1.2531768746163534,1.4889775684982185,-1.0082111854389446,2.0413487164012754,2.2668210154888393,0.051514640939032484,1.2131372880714328,0,High Popularity
UCFBapHA35loZ3KZwT_z3BsQ,Game Two,245900352,523000,1279,192259.8530101642,408.9132134480063,470.1727571701721,19.320436942728293,13.167338655091122,7.154615356913663,12.166608338363133,6.0159454627750835,6.1552248148132005,0.5975336181205659,0.22374110704781003,0.660775733674786,0.33819526772153785,-0.17307867150073503,1.2360105522115208,0.6332354823633279,1,Medium Popularity
UCcV7uqrrMUF3njRuo5WMFwA,Guzmancitos Gaming,48704001,232000,17,2864941.2352941176,13647.058823529413,209.93103879310345,17.701271761267883,12.354496960983985,2.8903717578961645,14.86805874572671,9.521352579769754,5.351531249690944,-0.04339621761573817,-0.165394958465883,-2.9364395523120104,1.6023131242361137,1.6766621943196693,0.2675512454240881,0.290392858425779,0,High Popularity
UCnQ4TDbESxZ47uBH6cB_Nrg,K-City Gaming,1133620614,1670000,627,1808007.3588516747,2663.47687400319,678.8147389221557,20.84868243160235,14.328334783195153,6.4425401664681985,14.407736443182241,7.887763022398436,6.521820318289345,1.2024738313638719,0.7795510127678856,0.06008590431499947,1.3869097095325793,0.814646097074498,1.677762038816854,1.2901299588662591,0,High Popularity
UCe--4YIC6r3rbXbNykocCrg,Selena Gaming,436560492,1430000,1894,230496.56388595566,755.0158394931362,305.28705734265736,19.8944375101251,14.173185701536545,7.546974117516527,12.347995572538503,6.628062327670547,5.724522758106456,0.8247458220307061,0.7052756604546516,0.991760326477282,0.42307368749184604,0.14992448957738141,0.7170099861105792,0.7279355561795886,1,Medium Popularity
UC3S6nIDGJ5OtpC-mbvFA8Ew,Orange Juice Gaming,2154006399,3600000,3569,603532.193611656,1008.6859064163631,598.3351108333334,21.490595386892537,15.096444681204078,8.180320874773685,13.310556319849193,6.917394577723657,6.395820892154386,1.4565684535197554,1.147272385527488,1.5260367071841778,0.8734947743786335,0.3025999617438916,1.5259313881985253,1.346712081360037,0,High Popularity
UCuoChnnMFW_eD0xFGBXewxA,Zamfam Gaming,103332768,1110000,87,1187732.9655172413,12758.620689655172,93.09258378378378,18.45346510547012,13.919871474189012,4.477336814478207,13.9875578190778,9.454040829940887,4.544279231410938,0.2543517589722012,0.5840051812416754,-1.597713274765595,1.1902911448503133,1.6411429834968527,-0.7051960353225059,0.2835552929653585,0,High Popularity
UCEQ7KR9enYdQsB6kcMnw0NA,Mortismal Gaming,127114235,422000,1972,64459.55121703854,213.99594320486815,301.2185663507109,18.660596736181702,12.952762962683588,7.587310506022615,11.073808706636598,5.370619159135078,5.711150485246981,0.33634267847062277,0.12101613451787167,1.0257871520903954,-0.17316985832060205,-0.5136058615793417,0.7008962548756035,0.29063368644903925,1,Medium Popularity
UCo_IB5145EVNcf8hw1Kku7w,The Game Theorists,4549159482,19600000,812,5602413.155172414,24137.931034482757,232.09997357142856,22.238208323833774,16.791040175221152,6.70073110954781,15.538708161946772,10.091581211752356,5.45146743266302,1.752503323139356,1.9585351787130465,0.27788969192303353,1.916137098273908,1.977561681379359,0.38797541040965233,1.5730190546715535,0,High Popularity
UCvmTVIw2ZCJg49XHR0OoSAg,放課後 GAMING LIFE,392141290,1370000,840,466834.86904761905,1630.952380952381,286.23451824817516,19.787132769037694,14.130322027731049,6.734591659972948,13.053733016733004,7.397532356760355,5.6602990188383675,0.7822703470968596,0.6847553039091441,0.306453653327419,0.7533167683144505,0.5559601112120245,0.6396196961915496,0.7480508039271245,0,High Popularity
UC2ArKq3GKdiA6ufRwE2NytQ,ND Gaming,707894435,1180000,3779,187323.21645938078,312.2519184969569,599.9105381355932,20.377805538846317,13.981025843899115,8.237479288613633,12.140596172436526,5.747007718248906,6.398446068439548,1.0160820703614915,0.6132819407761372,1.5742541964559436,0.3260231236966786,-0.31499232655091824,1.5290947535851023,0.9530486108849878,1,Medium Popularity
UCFx8S2YX4DFTYicIOV5PQag,Insane Gaming With Mayank,148702254,810000,709,209735.19605077573,1142.4541607898448,183.58302962962964,18.817456576076665,13.60479076121576,6.565264970035361,12.25360581072529,7.041808925899257,5.2180993873425034,0.39843402811712575,0.43316490095765253,0.1636136529321848,0.3789049020664316,0.3682511960895671,0.10676442999939373,0.348307535336511,1,Medium Popularity
UCwGJSGqTaFPNTtRmn_daz4Q,MR SAJAL GAMING ,2472859,24000,236,10478.216101694916,101.69491525423729,103.03579166666667,14.720885933497913,10.085850775128717,5.4680601411351315,9.257149155620823,4.6317626050392695,4.64473499057615,-1.2231512054919533,-1.2514761194182467,-0.7619624523559405,-1.0232583039152727,-0.9034872980220175,-0.5841457754897709,-1.0888984173754173,2,Low Popularity
UCGo-tjf3PYvapeSCtP0rJEA,Ultra Gaming,116399336,86800,1021,114005.22624877571,85.01469147894221,1341.0061751152073,18.5725373973691,11.371373421319406,6.92951677076365,11.644008342102552,4.454518112814019,7.201920918948169,0.30148529751502273,-0.6360509655487883,0.4708878775637028,0.09364960244235286,-0.9970160578973378,2.4972905069333917,0.568272097110141,1,Medium Popularity
UCGGF6J6IUgB_K2_y2Rwh2Cw,Skvala Gaming,64304210,257000,1097,58618.24065633546,234.2752962625342,250.21093385214007,17.979135676954613,12.456835254920371,7.001245622069476,10.978818260519017,5.460756301962141,5.526292960128243,0.06659334730160536,-0.11640199791464916,0.5313966440945458,-0.21761972821575543,-0.46604209764242904,0.47814096803477873,0.0703791657557615,1,Medium Popularity
UCv4nV-5vaqKvtLj8IUEwd9A,RISHI GAMING,559136775,4090000,783,714095.4980842912,5223.499361430396,136.70825794621027,20.141904680975486,15.224055772517731,6.664409020350408,13.478773383568155,8.561114256248183,4.925137374497161,0.9227031490405466,1.2083643279680765,0.24724923448997865,0.9522103389649621,1.1699615433928445,-0.2462579160636761,0.7538246925353486,0,High Popularity
UCATWC1JSlhzmYeDbjnS8WwA,Senpai Gaming,97671794,714000,588,166108.4931972789,1214.2857142857142,136.79522969187676,18.39712338546713,13.478639641880966,6.3784261836515865,12.02040244747378,7.102734483920571,4.925768740359722,0.23204947026188757,0.3727718987359677,0.0060008611700557895,0.2697796207427632,0.4004005273037844,-0.24549711347408212,0.16767932743991193,1,Medium Popularity
UCCPWi_OwWMR5JTiujn7v-7g,Tamil Gaming தமிழ் கேமிங்,205017189,541000,3475,58997.752230215825,155.68345323741008,378.95968391866916,19.138604387245696,13.201176406255746,8.153637486385282,10.98527157402381,5.054227548619917,5.940065152141093,0.5255570765969532,0.2399404352189577,1.5035272303299945,-0.2145999619402537,-0.6805600760371417,0.9767408668453708,0.4488685417469761,1,Medium Popularity
UCdegm7Y2AePJhkkmWCyYEwg,Rajshri Food,655058032,3350000,2025,323485.44790123455,1654.320987654321,195.5397110447761,20.300234389674777,15.024471202308668,7.613818684808629,12.686912499931944,7.411750219249549,5.280864502722435,0.9853763310918585,1.1128161358029245,1.0481488262580458,0.581666619135267,0.5634626238712175,0.18239706259616553,0.7891812229109583,0,High Popularity
UCRIZtPl9nb9RiXc9btSTQNw,Food Wishes,1126719269,4630000,2443,461203.1391731478,1895.2108063855915,243.3518939524838,20.842575946032426,15.348067642045114,7.8013913202914855,13.041596042126768,7.547612861436922,5.4986093746682565,1.200056642038119,1.2677331956513362,1.2063806758051085,0.7476373872375349,0.6351549189469968,0.4447819526743768,0.9999124532975843,0,High Popularity
UCzyN_JSs95aDgDFrfOxagEw,Food Story,181183362,437000,2262,80098.7453580902,193.1918656056587,414.6072356979405,19.015020131684548,12.987690762404629,7.724446645633537,11.291027954001338,5.268846668294365,6.029740669318801,0.47663752377840896,0.1377373074830773,1.1414719637609314,-0.07152419100649952,-0.5673093913096622,1.0848008202537525,0.4570429822046271,1,Medium Popularity
UC3X1vPZSNgfA4HUjwtPlePw,Flavours Of Food,313070667,1330000,1146,273185.5732984293,1160.5584642233857,235.39147894736843,19.56193949937861,14.100690252077353,7.044905117129371,12.517910259418464,7.057517886047772,5.465489239820411,0.6931299141230378,0.6705695249614614,0.568226763988284,0.5025836385846236,0.3765405344107501,0.40487183739235244,0.610118650452677,1,Medium Popularity
UCwSPpHFbgl2MRlzmALTcvzg,Food For Foodies,51852403,297000,779,66562.77663671374,381.25802310654683,174.5872154882155,17.76391185607803,12.601490784782536,6.659293919683638,11.10591581422066,5.94609583374926,5.168135873813809,-0.01860078220440997,-0.047150279955971194,0.242934256257472,-0.15814564469542652,-0.20993707594827082,0.046557863993974644,-0.03662649129170728,1,Medium Popularity
UCREvoVa8jYvFoMmuWRgy9oA,Valerie's Food,16293252,108000,593,27475.973018549746,182.1247892074199,150.86344444444444,16.606261653705452,11.58989576532275,6.386879319362645,10.22110358810569,5.210167828684908,5.022981725237623,-0.47684467389773944,-0.5314365913246695,0.013131727005522401,-0.5721850553933003,-0.5982731692566843,-0.12835443119906792,-0.4431320081492362,1,Medium Popularity
UClU1_8hUFeixVByX_MG5pMg,Soul Food Cooking,27958836,266000,500,55917.672,532.0,105.10840601503759,17.146243879328875,12.491255347155265,6.2166061010848646,10.931653628413967,6.278521424165844,4.664461269767556,-0.26309827968662713,-0.0999238824783859,-0.1305067423643147,-0.2396899662913529,-0.03452201603785137,-0.5603753989429602,-0.3002708103124618,1,Medium Popularity
UCHUn2GT4DD2vM9QB0vTUmWg,Food Impromptu,70431169,611000,148,475886.27702702704,4128.378378378378,115.27196235679214,18.070146478822714,13.322853874813605,5.003946305945459,13.072936292200508,8.325882160916917,4.755931950122956,0.10261903446401047,0.2981917426008728,-1.153477933030382,0.7623027572320598,1.045833758754851,-0.4501522547836688,0.14062642769389086,0,High Popularity
UCfE5Cz44GlZVyoaYTHJbuZw,Guga Foods,978740458,5300000,557,1757164.197486535,9515.260323159784,184.66801094339624,20.701777057073624,15.483217567201578,6.324358962381311,14.379212385223237,9.160757227412665,5.223960191502602,1.1443228541543993,1.332434244467029,-0.03960897098612733,1.373562149678085,1.4863824530462308,0.11382676144065976,1.028811764979382,0,High Popularity
UCldES24kcvABucv6BBWGwGw,Food and Frolic,639562541,855000,660,969034.1530303031,1295.4545454545455,748.02636374269,20.27629497248114,13.658857917508856,6.493753839851686,13.784056167851938,7.1673885449383965,6.618774181486135,0.9759001597257584,0.4590487607866195,0.10328855080289302,1.09506449532767,0.4345173231036542,1.7945924767060053,1.1020284561364633,0,High Popularity
UCPQErRghCrtrbWOYiJA3okw,PBS Food,30180365,252000,537,56201.79702048417,469.2737430167598,119.76335317460317,17.222702138467024,12.437188334739655,6.2878585601617845,10.936721803691105,6.153314957106999,4.7938328717155,-0.23283306645748736,-0.12580767342811205,-0.07039984907737865,-0.2373183621892333,-0.10059123740187434,-0.40448124055010765,-0.25776068321153417,1,Medium Popularity
UC-Lq6oBPTgTXT_K-ylWL6hg,Food Lovers TV,387309301,1200000,1237,313103.71948261926,970.0889248181084,322.7577508333333,19.77473416175401,13.997832948091215,7.121252453244542,12.65429298060434,6.8784180447552385,5.7799955535251115,0.7773624862926136,0.6213280959443667,0.632631575331881,0.5664026273401378,0.282032739896778,0.7838552954773896,0.731369664004821,1,Medium Popularity
UC1VkNUPA6ieOuwXmk4SSJZw,Food with Chetna,32896503,339000,1320,24921.59318181818,256.8181818181818,97.03983185840708,17.30887694869128,12.733758336210744,7.186144304522325,10.123530027753073,5.552254614853648,4.585373843627914,-0.19872165670507178,0.0161708746194474,0.6873728099569875,-0.6178436688659869,-0.4177600685199042,-0.6556765898678233,-0.33846057079029546,1,Medium Popularity
UCBSwcEOp0PMwhvE6FVjgITw,Vismai Food,2316544079,4820000,2129,1088090.2202912166,2263.97369657116,480.6108047717842,21.563342291347034,15.388284693495642,7.6638772587034705,13.899935545062894,7.725318424856837,6.177136328900306,1.4853645652792065,1.2869865204764248,1.0903770580717054,1.1492891405533863,0.7289269778749976,1.2624141600844212,1.3786269765204084,0,High Popularity
UCh2D2ss44sKdb6l7iGU7eLg,The Whole Food Plant Based Cooking Show,24112299,429000,549,43920.39890710382,781.4207650273224,56.20582517482517,16.998232641708636,12.969214528909768,6.309918278226516,10.690156926930813,6.66239265853627,4.046655731921262,-0.3216870013941326,0.12889208108804118,-0.051790791413483576,-0.3526960358464689,0.16803999337481382,-1.304837652813369,-0.46339018482509886,1,Medium Popularity
UC-j7LP4at37y3uNTdWLq-vQ,Village food factory,1029099905,4750000,506,2033794.2786561265,9387.351778656126,216.65261157894736,20.75195037946437,15.373655386537118,6.2285110035911835,14.525414200896872,9.147225027365623,5.382900266910686,1.164183446295616,1.279982953862774,-0.12046404750425091,1.4419758896986772,1.4792417522385797,0.3053512453116235,1.0813183384072682,0,High Popularity
UCqpsITAmYlQttezQ7puHwNQ,Food Fusion Kids,12901312,235000,52,248102.15384615384,4519.2307692307695,54.8992,16.372839647098104,12.367345048436391,3.970291913552122,12.42159988159488,8.416318326662559,4.023550068788521,-0.5692423675148587,-0.15924412462351098,-2.025444389543658,0.45751611928365815,1.093555311757014,-1.332680223006144,-0.4886542248028253,0,High Popularity
UCHPKIXAkP3VuBLgmYe9dHPg,The Tiny Foods,1292716452,3960000,216,5984798.388888889,18333.333333333332,326.44354848484846,20.980011618797533,15.191754835755884,5.37989735354046,15.604733377429795,9.816530719513494,5.791315669179081,1.2544591354824253,1.1929007272017318,-0.8363344997839606,1.9470329657844898,1.8324224382963954,0.7974961554204815,1.3018262416782032,0,High Popularity
UCJVYeaSDLbmzRWTYMdHLoOg,PICHEKKISTA BOBBY FOOD,182090238,990000,324,562006.9074074074,3055.5555555555557,183.92953333333332,19.02001294084492,13.805461232211272,5.783825182329737,13.239271198896787,8.02504392550368,5.219974851616249,0.4786138757847774,0.5292329522326904,-0.49559051402971604,0.8401375844579494,0.8870867831618271,0.10902438442640236,0.4854050979378795,0,High Popularity
UCKzaxarMbfMwyFRafHcrXVA,Food Network Italia,25101257,133000,1656,15157.763888888889,80.31400966183575,188.73125563909775,17.038428522367983,11.798111925972618,7.4127640174265625,9.626334118199749,4.398318322272067,5.245608626885544,-0.30577587664709804,-0.4317561515550807,0.8785438527071924,-0.8505017349697244,-1.0266716858305405,0.1399133566727708,-0.34089318954975956,2,Low Popularity
UCNaq5Jh4SQ1oBAjhQ0KPhoA,Weird History Food,112316191,709000,353,318176.17847025493,2008.4985835694051,158.41493794076163,18.536828594533148,13.471612215950506,5.869296913133774,12.670363671604326,7.605640509021829,5.071510475520867,0.2873503362411248,0.3694076214146969,-0.42348857861522177,0.5739227533451292,0.6657750744675492,-0.06987677018728503,0.28408900986766533,0,High Popularity
UC93iVjVDI3-XvHmtpNslMrw,DW Food,45056233,205000,462,97524.31385281385,443.72294372294374,219.7865024390244,17.623421912023296,12.230770136157428,6.137727054086234,11.487867252547725,6.097451489895981,5.397196182276368,-0.07421227743455458,-0.22462736517011178,-0.19704724527388595,0.020584874360030456,-0.13006939350695737,0.3225779756050714,-0.003057739832956541,1,Medium Popularity
UCCyR9oAyHGSvZnYoGv3Qu1Q,Japan by Food,22275660,220000,483,46119.37888198758,455.4865424430642,101.253,16.919005205403874,12.301387370778713,6.182084906716632,10.739010189483414,6.123559219738631,4.627450134345807,-0.35304836484120194,-0.19082039754381525,-0.15962800741130653,-0.32983561931859057,-0.1162928097345276,-0.6049742113628536,-0.38307696762173227,1,Medium Popularity
UCQroRFb1JnNLmma4PEEFJgw,Kashmir Food Fusion,59248837,382000,906,65396.067328918325,421.6335540838852,155.10166753926703,17.897256725972856,12.853178505386333,6.810142450115136,11.088232694374385,6.046505501187334,5.050507509970844,0.03418240911945822,0.07334153295657153,0.37018651728258245,-0.16642029134288394,-0.156952683840664,-0.09518556739528763,-0.022564745116432635,1,Medium Popularity
UCE-NIVMcV8A2GwGcCYLSMDQ,Food is Love,54778608,463000,433,126509.48729792149,1069.284064665127,118.3123282937365,17.818810328997806,13.045484492893253,6.073044534100405,11.748080487254285,6.975679373217554,4.781744662354383,0.00313021203480093,0.16540521017156543,-0.2516118929602377,0.1423491664593266,0.333355809633388,-0.4190476615919236,-0.03313894029900674,1,Medium Popularity
UCMRWL27r9gxG7wYEj-H7X9w,Banijay Food,12396124,59400,461,26889.639913232106,128.85032537960956,208.68895622895621,16.332894481736965,10.992066340225865,6.135564891081739,10.199533546422378,4.866382443917012,5.345625271899949,-0.5850542491971727,-0.8176386796489576,-0.1988711949685887,-0.582278549903995,-0.7796825902035335,0.2604344792764096,-0.46305970825867043,2,Low Popularity
UCwv2LUh9Px6TZs0IThk7r6Q,My Food Story,7010902,36100,644,10886.493788819876,56.05590062111801,194.20781163434904,15.762977066691883,10.494075844768336,6.4692503167957724,9.295370050673329,4.044031499901275,5.27406469179686,-0.8106501793657306,-1.0560443415022427,0.08261795690962424,-1.0053732019729442,-1.2136225282544462,0.17420321800035132,-0.7026786386380464,2,Low Popularity
UCYKOVifkVGku5nojWU_Uc5g,Food Network Japan,25182387,129000,162,155446.83333333334,796.2962962962963,195.2123023255814,17.041655419256074,11.767575435251748,5.093750200806762,11.954065477360388,6.681226374190118,5.279197248150127,-0.30449854279870314,-0.4463750496011109,-1.0777214862338946,0.23873787063739965,0.17797820948993137,0.18038800307720632,-0.1384608874133743,1,Medium Popularity
UCvUOKHkiWnvZUyMk6ALvFtQ,Food and Foot,35631966,135000,436,81724.69266055046,309.6330275229358,263.94048888888886,17.388753742345045,11.813037464800539,6.07993319509559,11.311123707060323,5.738612239649153,5.579505230535944,-0.1671032518493834,-0.4246107682691645,-0.24580078108155207,-0.06212057574385151,-0.3194224709922856,0.5422623206846388,-0.04942683373387233,1,Medium Popularity
UC8Y-jrV8oR3s2Ix4viDkZtA,Food Network,1050442846,3050000,7605,138125.29204470743,401.051939513478,344.4074904918033,20.772477671248115,14.930652476452392,8.936692688488204,11.835923705380232,5.996581283042908,5.844724851904192,1.1723089630135592,1.0679017937903372,2.164094122762012,0.1834545594378657,-0.18329680405659196,0.8618547895102989,0.938231327298447,1,Medium Popularity
UCa0W6oFfZZjg6cnCks39THg,Traditionally Modern Food,28873531,84600,1720,16786.936627906976,49.18604651162791,341.2946926713948,17.178435885687005,11.345701365855424,7.450660796211539,9.728415849601644,3.9157370301245176,5.835672040512037,-0.25035540602346656,-0.6483410864042111,0.9105126811217764,-0.8027335660122946,-1.2813212336214528,0.8509460553536555,-0.195246048477152,2,Low Popularity
UCBCioqx1WWawmS-jsNElmrw,Healthy Food Kitchen,137853751,625000,1027,134229.55306718597,608.56864654333,220.5660016,18.741703913054245,13.345508528717259,6.93537044601511,11.807314145768105,6.412751570213978,5.400720520720039,0.36844811783232334,0.30903732661748257,0.4758258998893051,0.17006698990331967,0.036308839917945555,0.32682484097038345,0.3214590400821069,1,Medium Popularity
UCcAd5Np7fO8SeejB1FVKcYw,Best Ever Food Review Show,3000580221,11700000,785,3822395.185987261,14904.458598726114,256.45984794871794,21.822071514247067,16.275099485238066,6.666956792429207,15.156388057747424,9.609482773751967,5.550863777649157,1.5877798594272263,1.7115361239229565,0.24939847490137956,1.73723406555284,1.7231669271169658,0.5077490648718922,1.4471112653115028,0,High Popularity
UCdz7HcTQOaHCoAEJBs-MlNQ,찐푸드 JJin Food,1213379942,3160000,834,1454892.0167865707,3788.968824940048,383.98099430379744,20.91667564374957,14.96608290201874,6.727431724850855,14.190442927902676,8.240113072433155,5.953193967624588,1.2293882430568137,1.0848635915233005,0.30041370099594294,1.2852292892587187,1.0005749392518548,0.9925612293490217,1.1934277325371578,0,High Popularity
UC4BfinFCS1o6t1tAsl0RVWQ,푸드킹덤 Food Kingdom,2824681672,5220000,1810,1560597.608839779,2883.977900552486,541.1267570881226,21.761661513071815,15.468008151429684,7.501634457883413,14.260580029237884,7.967272518792406,6.295499843262793,1.5638671835783284,1.3251529592485858,0.9535128593927905,1.3180492743897934,0.8566018413838259,1.405043455680413,1.4817698078956107,0,High Popularity
UC-P5wGpW529FNfnQxJvCXEg,Dindigul Food Court,752340792,2150000,1803,417271.65391014976,1192.4570160843039,349.92594976744186,20.438699961438935,14.580978865220017,7.4977617006225685,12.941495133423887,7.084609430119272,5.86057523188518,1.0401864994317493,0.9005006697148827,0.950245892744629,0.7007961252992339,0.3908362594192027,0.8809546662230985,0.9455366782511194,0,High Popularity
UCbgYZnybgb6vPSBTxZUT2kA,Veg Village Food,2013188041,6450000,657,3064213.1522070016,9817.351598173516,312.1221768992248,21.4229853930515,15.679590843810702,6.489204931325317,14.935301700418167,9.192008525565036,5.746593455907787,1.429805734840502,1.4264450768169192,0.0994511989008162,1.6337788211515822,1.502873206152232,0.7436054120547203,1.3556368283893032,0,High Popularity
UCwiTOchWeKjrJZw7S1H__1g,Insider Food,2171031167,5140000,2120,1024071.3051886793,2424.5283018867926,422.3796044747082,21.498468084257247,15.452563831983857,7.659642954564682,13.839297692624603,7.793804636092475,6.048269186720268,1.4596847795663757,1.3177592173339474,1.0868050990079512,1.1209142380051114,0.7650659310521046,1.1071278810853198,1.33443545318493,0,High Popularity
UCuqBZWK9Wrol_4Y22DzisFQ,Food Fusion,1813385462,5160000,4536,399776.3364197531,1137.5661375661375,351.4312910852713,21.318461356710877,15.456447331256177,8.420021279663963,12.898663012147386,7.03752497566206,5.864855684346132,1.388430973198291,1.3196183857774606,1.7282423130569762,0.680753244189725,0.3659906318936232,0.8861126570332394,1.1762293093945748,0,High Popularity
UCl0kP-Cfe-GGic7Ilnk-u_Q,Everyday Food,234634315,1730000,1966,119346.04018311291,879.9593082400813,135.6267716763006,19.27353875799638,14.363632544508476,7.584264818389059,11.689790831988269,6.781011436719736,4.9172529138512395,0.5789694554392489,0.7964492994311897,1.0232178818652389,0.11507308029798154,0.23063300871842296,-0.25575877512602296,0.37111808122384476,1,Medium Popularity
UCfyehHM_eo4g5JUyWmms2LA,Sorted Food,1336205131,2900000,2674,499702.7415856395,1084.5175766641735,460.76039,21.01309944219068,14.88022163978423,7.891704659330107,13.12177068496814,6.989812181415879,6.1350461201797435,1.2675566090787342,1.0437587687660501,1.2825668776893278,0.7851543438247071,0.34081344065904084,1.2116950102379824,1.1597779664403758,0,High Popularity
UCTmEgdYwAsORjFx6GRaLWtw,TODAY Food,21673037,29500,2000,10836.5185,14.75,734.6792203389831,16.89157955750264,10.292179440058462,7.601402334583733,9.290769328123096,2.7568403652716422,6.600794181791446,-0.36390452467317413,-1.152699290602092,1.037674686170118,-1.007526066046542,-1.8928503509809174,1.7729263855538293,-0.17853107906096966,2,Low Popularity
UCXw1ddyrUmib3zmCmvSI1ow,More Best Ever Food Review Show,823462431,3450000,442,1863037.174208145,7805.429864253394,238.68476260869565,20.529028486626352,15.053885078862573,6.093569770045136,14.437719140092067,8.962703014665728,5.479324570828596,1.0759421144076444,1.1268975987454286,-0.23429728820691592,1.4009398255202221,1.3818727745013935,0.42154355862894466,1.0310286816706042,0,High Popularity
UCe2JAC5FUfbxLCfAvBWmNJA,Your Food Lab,1530329869,6800000,1660,921885.463253012,4096.385542168675,225.04851014705883,21.148749150419324,15.732433317205148,7.415175109613295,13.734177353148143,8.318104376650941,5.420749622907388,1.3212521468831262,1.4517426376307918,0.880577793186586,1.0717241814884888,1.0417295606054946,0.35096012245292635,1.1264281712227866,0,High Popularity
UCwVIj-OqEjXNqKpItChRrMQ,Turkish Food Travel,72698765,742000,696,104452.2485632184,1066.0919540229886,97.97677223719677,18.10183496849449,13.517105869857504,6.546785410760524,11.556494868111583,6.9726924275537865,4.594885198739405,0.11516259624054533,0.39118704244532826,0.1480247327501718,0.05269851007505978,0.33177965163694023,-0.6442153056450455,-0.005527209494181395,1,Medium Popularity
UCuSD-BXA1p8S3HfE8LsEkHA,Village Food Channel,1955573816,9050000,533,3668994.0262664165,16979.36210131332,216.08550453038674,21.393949499849334,16.01827542617334,6.280395838960195,15.115428347726366,9.739812784803645,5.380291306024937,1.4183121760154929,1.5885853641400418,-0.07669522460132863,1.7180673613652884,1.791939751339391,0.30220741965406234,1.3010907644185654,0,High Popularity
UClc-lw3O3uNvdVVuiUd2KCA,Roza Food Rail,91601032,273000,181,506083.0497237569,1508.2872928176796,335.53491575091573,18.332953106873347,12.51723073716405,5.204006687076795,13.134458040648932,7.319392826874444,5.8187019052202515,0.2066483273833276,-0.08748854464879119,-0.9847117159006196,0.7910912704565352,0.5147272738148432,0.8304968615638914,0.39528414315304394,0,High Popularity
UCdupQvA3NlGfyaPaZKWSgTA,Meghna's Food Magic,262431474,1460000,1958,134030.3748723187,745.658835546476,179.74758493150685,19.385500558298045,14.19394767861579,7.580189417944541,11.805829192364559,6.615608368018577,5.197101499574821,0.6232883792264826,0.7152151531399745,1.019779970208664,0.16937212017393363,0.14335275701090103,0.081461751573199,0.4578619413976762,1,Medium Popularity
UCxwXbvlHDz0pU1R_M2eL4vw,FOOD☆STAR フードスター,133786310,583000,223,599938.6098654709,2614.3497757847535,229.4790909090909,18.711754391007396,13.275944180597024,5.4116460518550396,13.304584278908495,7.869153125024559,5.440160146430985,0.35659290845303443,0.2757344129950854,-0.80955204699123,0.8707002149921669,0.8048259858770587,0.37435001005664864,0.4461911362953655,0,High Popularity
UCnDaAs5_3WXEY_GF3MJ6lyA,Los Angeles Times Food,6776858,58500,230,29464.6,254.34782608695653,115.8437264957265,15.729024278235585,10.97679912709094,5.442417710521793,10.2909787602074,5.54262663959337,4.760837371017497,-0.8240900404603579,-0.8249476345091157,-0.7835938017923115,-0.5394876375395314,-0.42284057948472265,-0.44424117035398886,-0.7145280409147549,1,Medium Popularity
UClUA1p4Cyzz2IMJoXCQu6eQ,Art History School,8278738,182000,63,131408.53968253967,2888.8888888888887,45.48757142857143,15.929201220077438,12.111767460549332,4.1588830833596715,11.786073982721113,7.968973333616133,3.839184995761359,-0.7448520628148809,-0.2815981545716124,-1.8663533284724385,0.16012785894248632,0.8574993310561064,-1.5548420998310988,-0.690397384056683,1,Medium Popularity
UC3A1YpJ0bDaLB2yjKOGPIjw,Contemporary Art Issue,10712947,171000,217,49368.41935483871,788.0184331797235,62.64881286549708,16.18696366131711,12.049424683420915,5.384495062789089,10.807086470090749,6.670789683284914,4.153380673855361,-0.642819459214967,-0.3114438467658319,-0.8324559807440299,-0.2979799755184095,0.17247095369139737,-1.1762329609657938,-0.6513296126076547,1,Medium Popularity
UCVJ5hHQMXBiRwNv394EOj_w,Art with Flo,173900992,1180000,667,260721.12743628185,1769.1154422788607,147.3737220338983,18.973996689486473,13.981025843899115,6.504288173536645,12.47121047332888,7.478800045067512,4.999734239810335,0.4603988173323905,0.6132819407761372,0.1121750661436097,0.48073092075188417,0.5988436220612247,-0.15636789876744098,0.37134442699881787,1,Medium Popularity
UC0DAJW9IjtV4lIz7dDVDBFA,SurajFineArts - Abstract ART,669810809,3130000,2413,277584.2556983009,1297.14048901782,213.99706357827475,20.322505857340158,14.956543882005104,7.789040401657477,12.533883392725473,7.168688126397668,5.370624370258928,0.9941922618417426,1.0802969252906578,1.1959617322634049,0.510058113401129,0.4352030890798863,0.29055865908537043,0.7973670993522308,1,Medium Popularity
UCSl51TSNCxLQJqLTQp0B6Cg,Kirsty Partridge Art,100307999,1420000,351,285777.7749287749,4045.5840455840457,70.63943591549295,18.423756010469294,14.166168133802548,5.863631175598097,12.56297327625044,8.30562835866546,4.271645703285087,0.24259172015912667,0.7019161026006678,-0.4282680611181501,0.5236704459124368,1.0351461882495214,-1.0337223407628247,0.11051323298688542,0,High Popularity
UCfcygBmCElEhdnoMRlJV33A,Amie Howard Art,4250295,53000,409,10391.919315403424,129.58435207823962,80.19424528301887,15.26249918553418,10.87806606028079,6.016157159698354,9.248880018198662,4.872019394030171,4.396844373757389,-1.008759186299007,-0.8722146453343973,-0.29960073975732543,-1.027127767609603,-0.7767080720848392,-0.8828566092475184,-0.9872864414518848,2,Low Popularity
UCA6nihIIUaHhmTJREhcMGvw,Joni Young Art,52858009,454000,1305,40504.2214559387,347.8927203065134,116.42733259911894,17.78311981981807,13.025854679664231,7.174724309836376,10.60918616962253,5.854764483276042,4.765819696302679,-0.010997507883979556,0.1560077243608739,0.6777391718928656,-0.3905855265770431,-0.2581310019781001,-0.4382374153144138,-0.14124105519285296,1,Medium Popularity
UCNJHUm49kbu3UiSF_VFHF_g,Sanju Arts,426642567,1330000,1149,371316.42036553525,1157.5282854656223,320.78388496240603,19.8714571433647,14.100690252077353,7.047517221357296,12.824812556289304,7.054905759168352,5.773880155499519,0.8156492808862018,0.6705695249614614,0.5704302734827809,0.6461956303584753,0.3751621616071616,0.7764861757163107,0.7703903477056805,0,High Popularity
UCV7PEz8F9pwLksoAtPzHB5w,Createful Art with Ashley Krieger,9143326,155000,362,25257.806629834253,428.1767955801105,58.9892,16.02853488157318,11.951186847493476,5.8944028342648505,10.13693015131398,6.0618689449429874,4.094164546020156,-0.7055318575174031,-0.35847377305347694,-0.4023098159192317,-0.6115732093281511,-0.1488456683625504,-1.2475890257679234,-0.7596479783668059,1,Medium Popularity
UC34UHLCnF8Iy6GSZVqDdCXg,YNV art,19375854,201000,279,69447.50537634408,720.4301075268817,96.39728358208956,16.779538261262285,12.211065162153215,5.634789603169249,11.148340827091936,6.581235502457008,4.578798320958647,-0.4082549161077555,-0.23406083310198497,-0.6213134121388967,-0.1382932660667997,0.12521480841248084,-0.6636001647257039,-0.3938750078877178,1,Medium Popularity
UC2UxGhphfYS2wfB7cx4MZuQ,ART BEE,653023201,1490000,1422,459228.69268635724,1047.8199718706048,438.2706046979866,20.297123218003048,14.214287349062356,7.260522598089852,13.037305783670437,6.955420974860292,6.0851156347842945,0.984144805876679,0.7249524727051523,0.7501165834666358,0.7456298018645339,0.3226658138449321,1.151528243484934,0.9540857261315492,0,High Popularity
UC2uvC1O7sNJX7j91teamHEg,Alisa Art,49788313,203000,76,655109.3815789474,2671.0526315789475,245.26262561576354,17.7232908558237,12.220966184120165,4.343805421853684,13.392559021913813,7.890602231909755,5.506398550273953,-0.03468018615810009,-0.22932086373191496,-1.710357206931832,0.9118671537788897,0.8161442973361028,0.4541679922482924,0.2016856984116649,0,High Popularity
UC6__E-Qg9kZIDa8yMn8UDig,ART and LEARN,437062866,1350000,1080,404687.8388888889,1250.0,323.7502711111111,19.895587603124845,14.115615891155079,6.985641817639208,12.910873751755929,7.1316985104669115,5.783056490380572,0.8252010744816898,0.6777149562405046,0.5182336428464369,0.6864671428933008,0.4156843279447227,0.7875437569928284,0.7856061751020826,0,High Popularity
UCR2NlUr0yPuqRxZN_7ItHog,Art with Mati & Dada,10115857,62800,40,252896.425,1570.0,161.080525477707,16.12961484950463,11.047726275896391,3.713572066704308,12.440739250716145,7.359467638255621,5.088093282583635,-0.6655203948301296,-0.7909923000025919,-2.242007195080827,0.4664722038383356,0.5358740376079631,-0.0498943110392448,-0.3733726517367794,1,Medium Popularity
UCeAvBShy5a2_vTFflQG_zWg,Tiktus color Art,174760422,909000,403,433648.68982630275,2255.5831265508687,192.2556897689769,18.97892658250693,13.720101473269022,6.0014148779611505,12.979992320849583,7.7216070572993045,5.26401412956439,0.46235026463373924,0.4883682168373549,-0.3120369807890551,0.7188105156125856,0.7269685553551237,0.162092183453246,0.460118745703317,0,High Popularity
UCJmcsSNRPYjXoh8EwmhXB7A,Emily Olson Art,10919858,169000,504,21666.384920634922,335.3174603174603,64.61454437869823,16.206093616109758,12.037659911047468,6.22455842927536,9.98356340984336,5.818055536272885,4.18379738446524,-0.6352470639317168,-0.3170760593679376,-0.12379834593672187,-0.6833397077839463,-0.27750165912196695,-1.1395805006869604,-0.7104235649322777,1,Medium Popularity
UCG19ZyhUNbkPzU105yq8Rgw,Art Prof: Create & Critique,25039858,230000,2403,10420.24885559717,95.7136912193092,108.86894782608695,17.0359794731899,12.345838935721968,7.784889295655098,9.251602159910464,4.571754976918076,4.699288272131819,-0.3067453075028201,-0.16953986135411425,1.1924599571844792,-1.0258539674552591,-0.9351522539863591,-0.5184084901223724,-0.4652826102979334,2,Low Popularity
UCePDFpCr78_qmVtpoB1Axaw,Great Art Explained,60215386,1740000,72,836324.8055555555,24166.666666666668,34.60654367816092,17.913438475626087,14.36939624590319,4.290459441148391,13.636773535709956,10.092770930628902,3.5725294321510743,0.0405877878083806,0.7992085871249615,-1.7553586175649514,1.0261449975876216,1.9781894748285467,-1.8761648943538405,-0.05139505657632004,0,High Popularity
UCFM9kCrxJ9R571t2cTdIA_Q,HamRib Art,22066278,444000,232,95113.2672413793,1913.7931034482758,49.69882432432433,16.90956116410898,13.003582093664077,5.4510384535657,11.462834260849728,7.557364855803217,3.925902721458929,-0.3567866911745068,0.14534504976168802,-0.7763215463655223,0.008870925541587797,0.6403008725839178,-1.4503463166622044,-0.4420483969272366,1,Medium Popularity
UCB9berO64_friwLRsKQ9fag,Fine Art Academy,62948413,598000,549,114660.1329690346,1089.2531876138432,105.26490468227425,17.957826123538354,13.301347705172173,6.309918278226516,11.649736387531945,6.994165230464388,4.665935077328878,0.05815818038529475,0.2878959786172971,-0.051790791413483576,0.09632998646513015,0.3431104670663045,-0.5585994451328055,-0.023979090797456526,1,Medium Popularity
UCPeU6ucpON9procFsL7e5Sg,Renso Art,7199649,82100,642,11214.406542056075,127.88161993769471,87.69365408038976,15.789542971693614,11.315705475634307,6.466144724237619,9.325043696146258,4.858894308138691,4.485188343130346,-0.800134339892461,-0.6627011798724084,0.0799981523035248,-0.9914877036465765,-0.7836339460077769,-0.7764011851272951,-0.8260543786744887,2,Low Popularity
UCe2-08Jqy85scSe5lGXPCvQ,Emily Mackey Art,11682799,266000,157,74412.73248407643,1694.2675159235669,43.920296992481205,16.27362823266206,12.491255347155265,5.062595033026967,11.217395780187932,7.435595833864838,3.804889741435234,-0.6085141825747081,-0.0999238824783859,-1.104003250671739,-0.10597966184460793,0.5760455297512969,-1.5961682466016351,-0.6518253749345542,1,Medium Popularity
UCNGvN8x14FS1fyYIiWsAbMA,Tammy Anderson Art,17977621,202000,768,23408.360677083332,263.0208333333333,88.99812376237624,16.704638320196363,12.216027926866138,6.645090969505644,10.060891250290735,5.576028014174173,4.499788823028253,-0.43790328520172384,-0.23168498212330405,0.23095298260365033,-0.6471548851239454,-0.4052152693639237,-0.7588074513283442,-0.5185728405888794,1,Medium Popularity
UC2GS74txP1QN_pa3Svh1uHA,kaiteki ART,69450430,721000,355,195635.01408450704,2030.9859154929577,96.32514563106795,18.056123833048897,13.488395803228677,5.87493073085203,12.184011140721084,7.6167688773224596,4.578057389833114,0.09706831477505645,0.37744251820454144,-0.4187360229171271,0.3463387424838785,0.6716473161012755,-0.6644929946242515,0.032330037096276465,1,Medium Popularity
UCtFSeQTTjc9w_t9EycG4gPA,Art Arena,363175970,2630000,873,416009.1294387171,3012.6002290950746,138.08972243346008,19.71039804336183,14.782494784382012,6.773080375655535,12.938464888559254,8.010890732398227,4.935119210027573,0.7518956974404598,0.9969734669269046,0.3389218257421708,0.6993781512240659,0.8796183953839626,-0.23422969792461576,0.595386573795344,0,High Popularity
UCCIAqclD734YUJLUXH80tCA,Jason Morgan Animal Art Lessons Draw / Paint,8830648,106000,676,13063.08875739645,156.80473372781066,83.308,15.99373906931294,11.571203807011969,6.517671272912275,9.477622428671653,5.061358406236934,4.4344767596748005,-0.7193054208892087,-0.5403850928183003,0.12346473300480577,-0.920089946432907,-0.6767972495515686,-0.8375091833628914,-0.7674754337923515,2,Low Popularity
UCHQLjMh1FiY1W3oHhsnOxoA,Andrea Nelson Art,27160380,213000,315,86223.42857142857,676.1904761904761,127.51352112676057,17.117269888538704,12.269052139516223,5.755742213586912,11.36470881060336,6.517952586649273,4.856034121576093,-0.27456733508035763,-0.20630041630045912,-0.5192806438480161,-0.037045939523509715,0.09182154150481377,-0.32952807191034283,-0.23927745774062795,1,Medium Popularity
UCABmiwPsSeLj4M3IcuRUamg,Rainbow Parrot Art,2039965,19500,134,15223.619402985074,145.52238805970148,104.61358974358974,14.528443699014842,9.87822102528824,4.90527477843843,9.63066909410374,4.987178236301555,4.659787053745907,-1.2993274790113192,-1.350875823594674,-1.2367149054964328,-0.8484732244951816,-0.71594080326256,-0.5660078790380476,-1.1062121942041683,2,Low Popularity
UCo-WcbYJeYrORqnVTzBoApA,KQED Art School,14987189,115000,51,293866.45098039217,2254.901960784314,130.32338260869565,16.52270639420074,11.652696102959753,3.9512437185814275,12.590884097653282,7.721305154574511,4.877662850820499,-0.5099191615179326,-0.5013718487331383,-2.041512997381828,0.5367310475911307,0.7268092466674547,-0.30346522278507443,-0.291404671197768,0,High Popularity
UCMJyHCbGKnUhpuPP0jsZV-w,Katie Jobling Art,25990025,414000,426,61009.44835680751,971.830985915493,62.77783816425121,17.073223407001937,12.933623668263472,6.056784013228625,11.018800413025755,6.880210363002627,4.155405765809137,-0.2920026804665892,0.11185347740844145,-0.2653288847032874,-0.19891046270864507,0.28297851429504317,-1.1737927035905387,-0.39766460383009195,1,Medium Popularity
UCSrNQJeH1sa3xyyO9GiJ0EA,Syndia Art,4783820,60600,311,15382.057877813504,194.85530546623795,78.94092409240925,15.380750157524634,11.01206667357142,5.7430031878094825,9.641022045001609,5.2773761491819355,4.381287913041348,-0.9619507587702355,-0.8080638127548563,-0.5300269854185841,-0.8436286602337232,-0.5628085362490663,-0.9016023101152759,-0.9254838231027612,2,Low Popularity
UC5XMF3Inoi8R9nSI8ChOsdQ,Art for Kids Hub,3425517530,9650000,3036,1128299.5816864294,3178.524374176548,354.97590984455957,21.954518401187155,16.082468576942105,8.01862546504575,13.93622314866875,8.064486896718824,5.874863059586426,1.6402075934609641,1.619316895635266,1.3896342747149724,1.1662695772711025,0.9079001361593477,0.8981716507947515,1.4342978634054204,0,High Popularity
UCOM96DQ5RLFln-yGsp29l1A,Grace J Art,18459277,240000,156,118328.69871794872,1538.4615384615386,76.91365416666666,16.73107767468147,12.388398368982115,5.056245805348308,11.681230064258138,7.339187983916088,4.355601215651645,-0.4274375394451182,-0.14916515551728105,-1.109359309332446,0.11106715099288138,0.5251728254164654,-0.9325550540804537,-0.39947166327585126,1,Medium Popularity
UCZJrzCWI7L2oGl26n4zvSNQ,NAMIL ART,20103125,163000,1735,11586.815561959655,93.94812680115274,123.33205521472392,16.81638588332501,12.001511614739405,7.459338895220296,9.357709442466378,4.553330708797789,4.82295585114853,-0.39366916498961724,-0.3343815272128103,0.9178333206872079,-0.9762020803728408,-0.9448744119347757,-0.36938774011999487,-0.49381993098569027,2,Low Popularity
UC1m_wJF-qJ_VnPQKNahOmjQ,Tonni art and craft,9387254725,19100000,1806,5197815.46234773,10575.858250276855,491.47930497382197,22.962618725972295,16.765198945372877,7.499423290592229,15.463749184277333,9.26642370954371,6.199452439371542,2.0392537086865175,1.9461640680969277,0.9516475708380853,1.88106076227317,1.5421407725856882,1.2893053109098942,1.8857939469025378,0,High Popularity
UCzzCo7lZGJ-sTCgpI7BJKEg,Let's Make Art,22186735,239000,1310,16936.43893129771,182.44274809160305,92.83152719665271,16.915005190804234,12.384223015005313,7.1785454837637,9.737281772083318,5.211902619311854,4.5415009103781,-0.3546317293611688,-0.1511640451294143,0.6809626240579693,-0.7985848424625275,-0.5973577511585275,-0.708543941761306,-0.482977754730422,2,Low Popularity
UC-K2dAF6o-4grg_HpUVNJVQ,Mukta Art & Craft,2937197587,7330000,1902,1544267.921661409,3853.838065194532,400.7090841746248,21.80072176235114,15.807486210288474,7.551186867296149,14.250061166461164,8.257084278680512,5.995728155435215,1.5793287803573783,1.4876731118321014,0.9953141027922153,1.3131270732529396,1.0095303423449244,1.0438153787281816,1.4404139602150252,0,High Popularity
UCErX4CQeesrYOs03fufBiHQ,Ventuno Art,264075360,1480000,3175,83173.34173228346,466.1417322834646,178.4292972972973,19.391745078708446,14.207553321415745,8.063377822367027,11.328694186605686,6.146632706877201,5.189781243411368,0.625760208220039,0.7217286555185335,1.4273863074265027,-0.05389863804687432,-0.10411734176383866,0.07264076492204304,0.4180491442293917,1,Medium Popularity
UCRH4YWhFhLYuHBcx-9Lg14w,Milan Art Institute,6417125,124000,217,29572.00460829493,571.4285714285714,51.75100806451613,15.6744809118835,11.728044909070785,5.384495062789089,10.294617217704694,6.349887961580832,3.965582882401372,-0.8456804694275967,-0.4652997105003565,-0.8324559807440299,-0.5377850561854701,0.0031368339338404775,-1.4025313000598423,-0.861905863914731,1,Medium Popularity
UCYXRubrOzFv3oHT4M2RLq2Q,Art Land,234037248,637000,2744,85290.54227405248,232.14285714285714,367.40541287284145,19.270990844414268,13.364526504411781,7.917536353943631,11.353830575856342,5.451651386468739,5.9091839971962346,0.5779608901289567,0.318141904162475,1.304357885770602,-0.042136305333513015,-0.4708465992897086,0.9395287461957005,0.5098639529982226,1,Medium Popularity
UC0lLeNdvLrFozQRsQ1TQiAw,The Art of Aaron Blaise,45596289,1250000,830,54935.28795180723,1506.0240963855422,36.4770312,17.635336911525616,14.038654909278163,6.7226297948554485,10.91392939187348,7.317892188137376,3.62372824398746,-0.06949584778224932,0.6408710124532089,0.29636290615258676,-0.24798385310224677,0.5139354134961572,-1.8144697807294539,-0.34542715896571097,1,Medium Popularity
UCjkGAyhG0Q6H4_gzdfTMg-g,Joony art,145297057,1150000,1466,99111.22578444748,784.4474761255116,126.34526695652174,18.794290880572273,13.955273369904273,7.2909747781429814,11.50400808086675,6.666253588656059,4.846902035100898,0.3892641265009388,0.6009533207259509,0.7758053240451472,0.028137820452026088,0.17007733739343797,-0.34053233338647526,0.21634674647029858,1,Medium Popularity
UCgoZdnwxQzre7zjApoBl7og,Lachri Fine Art,28298544,350000,945,29945.549206349206,370.3703703703704,80.85298285714286,17.158320947864187,12.765691290604371,6.852242569051878,10.3071693784196,5.917199867519597,4.404924746123706,-0.25831769667931953,0.03145830921224798,0.40570118427205815,-0.5319113927436754,-0.22518496237300092,-0.8731196744752744,-0.39324977575661674,1,Medium Popularity
UCytynWlABGhkN_BboM5mHBg,Art Ninja Official,2615389,24600,71,36836.464788732395,346.4788732394366,106.31662601626016,14.776923783940308,10.110542371500753,4.276666119016055,10.514270671191605,5.850703866723393,4.6757835865266975,-1.2009692004128512,-1.239655379004555,-1.7669943386645646,-0.4350003254197174,-0.26027371696873464,-0.5467318866446903,-0.9635699638939131,1,Medium Popularity
UCIZEjA3Mp23QE53w2i3KAbw,Easy Art,640676920,3170000,1864,343710.7939914163,1700.6437768240344,202.10628391167194,20.27803586442152,14.969242461310827,7.5310163320779155,12.747558777033639,7.439349990414544,5.313729408096245,0.976589273843427,1.0863761842957842,0.9782987152026597,0.6100454639241305,0.5780265312597985,0.2219996236433148,0.793956198828413,0,High Popularity
UCdZutxI1UnH9N3Fh_TeQ4Kw,Wow Art,599109629,3890000,445,1346313.7730337079,8741.573033707866,154.01275809768637,20.210955161036132,15.173919972664004,6.100318952020064,14.112881619969373,9.075959822772568,5.043507423839593,0.9500360693315237,1.1843625475009811,-0.2286038375387333,1.2489352177237167,1.4416363737911702,-0.10362074574724141,0.8455336067627028,0,High Popularity
UCtoIqaAuvP6rWCvFOdxKVpA,Chloe Art,331569320,1500000,1161,285589.4229112834,1291.9896640826873,221.04621333333333,19.619347458851262,14.220976332738882,7.057897937411856,12.562313975661517,7.164712384991019,5.402885528376461,0.7158542627293835,0.7281547257502888,0.579187200615076,0.5233619325134876,0.4331051611912372,0.3294336982576866,0.6185149848076674,1,Medium Popularity
UCCPqEyMiKunljLC7VcvSybg,「アートと出会う」現代アート専門番組【MEET YOUR ART】,7442813,84300,779,9554.317073170732,108.21566110397946,88.28959667852907,15.822759561106377,11.342149006315793,6.659293919683638,9.164853040129106,4.6933244697307215,4.4918849825352645,-0.7869858955954804,-0.6500417265467673,0.242934256257472,-1.0664473875875047,-0.8710021991175818,-0.7683316633128384,-0.829603973476498,2,Low Popularity
UCcPwxSPBVQFFPzrhFeOOAHg,Sergio Aranda ART,13952598,142000,294,47457.816326530614,482.99319727891157,98.2577323943662,16.45117635712215,11.863589378812122,5.68697535633982,10.767617589234797,6.182070851408996,4.5977198247881885,-0.5382335888783584,-0.4004097792386224,-0.5772907420786862,-0.3164490604702026,-0.08541726443715372,-0.6407995510622787,-0.5099681383576073,1,Medium Popularity
UCCle2a6He6XL06CzgySppuA,Y.V.N Art,63268359,718000,419,150998.47016706443,1713.6038186157518,88.11749164345404,17.962895920129622,13.484226240787052,6.040254711277414,11.925031606963518,7.446937323359726,4.489955629950893,0.060165007072073715,0.3754464012051178,-0.27927261382309826,0.22515174893315887,0.5820302316412026,-0.7706565537281603,-0.029025141425261636,1,Medium Popularity
